win,fga,fgm,tpa,tpm,fta,ftm,oreb,dreb,reb,ast,stl,blk,pf,tov,fbpts,fbptsa,fbptsm,pip,pipa,pipm,ble,bpts,tf,scp,tmreb,tmtov,potov,home,away,date
1.0,-11,2,-3,-2,13,5,-6,4,-2,4,0,2,-5,0,16,3,6,18,8,9,10,-3,0,-1,7,0,-1,DET,NYK,2018-11-28
1.0,5,6,-8,-1,0,-3,0,-2,-2,1,2,3,-1,-8,-24,-12,-8,12,12,6,10,-3,0,7,-2,3,-9,MEM,SAC,2018-11-17
1.0,0,-1,-2,3,5,6,1,1,2,3,-1,-3,-1,-2,-1,-2,-2,-4,3,-2,-19,-3,1,-4,2,0,-1,ATL,DAL,2018-10-24
1.0,0,4,20,8,11,19,2,10,12,6,0,3,-6,-3,1,-1,0,4,-11,2,28,8,0,5,0,1,6,MIL,SAC,2018-11-04
1.0,2,21,-11,4,-2,-1,-4,17,13,14,5,1,2,-4,0,3,1,26,6,13,46,2,0,0,5,0,-2,DEN,ATL,2018-11-16
1.0,11,0,9,4,-1,-2,8,-2,6,11,1,-1,-1,-4,6,3,3,2,10,1,2,-1,0,16,0,1,8,PHI,SAS,2019-01-24
0.0,-11,-1,-19,-7,7,4,-8,-2,-10,5,-5,0,-7,1,11,8,5,12,9,6,-14,40,1,-3,-1,-2,0,LAC,DET,2019-01-12
0.0,-2,-3,2,-4,5,9,5,11,16,-1,0,-3,-5,9,2,-2,1,-2,0,-1,5,0,0,11,9,1,-12,POR,WAS,2018-10-23
1.0,-4,-3,4,5,6,8,1,0,1,4,7,0,1,-3,9,1,2,-16,-15,-8,19,17,0,-4,-6,1,13,MIN,NOP,2018-11-15
1.0,-2,-2,-14,-8,16,13,-2,2,0,0,4,-6,-4,-1,-8,-4,-4,6,8,3,-6,-2,0,8,7,0,0,IND,BOS,2018-11-03
1.0,-7,0,-9,-6,15,14,2,5,7,-2,5,-4,-4,-1,6,0,1,16,8,8,5,11,0,5,-3,0,5,MIL,NOP,2018-12-20
1.0,3,9,-7,1,-6,-4,4,12,16,0,2,2,8,-1,-5,-2,-1,18,12,9,25,-17,0,8,-2,2,4,CLE,WAS,2018-12-09
1.0,-7,4,-11,1,14,16,-7,5,-2,7,2,-4,-5,-3,3,-2,1,4,3,2,25,16,0,-6,-3,-1,6,CHA,ORL,2018-12-31
1.0,17,11,5,0,-6,-5,4,-3,1,12,6,0,1,-8,25,12,10,20,14,10,17,4,-1,-2,-2,1,8,TOR,BKN,2019-01-12
0.0,-16,-8,-8,-8,-1,-3,-15,-15,-30,-7,-1,8,-1,-1,8,7,5,10,-5,5,-30,13,1,-12,4,0,-4,PHX,MIN,2019-01-23
0.0,-4,-1,0,0,-8,-7,0,3,3,-5,-3,-4,6,9,-2,0,1,8,3,4,-11,22,2,12,9,0,-12,MIA,MIN,2018-12-30
1.0,-9,0,-5,2,12,11,-1,6,5,3,-4,6,-6,2,-17,-9,-6,-10,-13,-5,-2,28,0,-5,-1,-1,-12,SAS,LAL,2018-12-08
1.0,-9,1,-17,-3,9,4,-5,1,-4,-4,2,0,0,-3,-4,-4,-2,-2,-2,-1,11,7,0,-1,3,-2,8,CHA,MIL,2018-11-27
0.0,12,-16,12,0,-4,-7,7,-19,-12,-10,0,-1,3,0,-17,-3,-6,-16,-3,-8,-36,-20,0,8,5,2,2,ORL,SAS,2018-12-20
1.0,12,12,4,5,-13,-8,7,8,15,8,3,2,7,-3,-8,-1,-2,16,17,8,20,-10,-1,6,-6,0,9,DEN,LAC,2019-01-11
1.0,-12,6,-23,-8,-1,-3,-9,7,-2,-2,0,5,3,4,12,1,5,18,0,9,6,-10,1,-6,2,1,-8,MIA,ATL,2019-03-05
1.0,-2,-2,-11,-4,18,13,8,2,10,4,-4,-1,-11,3,4,4,2,-4,1,-2,-11,-12,-1,17,5,0,-7,LAL,HOU,2019-02-22
0.0,6,2,-2,-8,0,-4,-1,-9,-10,5,-2,6,-2,-4,4,3,1,22,5,11,-13,-9,0,7,4,-1,2,WAS,ATL,2019-02-05
0.0,-1,-7,-4,-2,16,10,5,4,9,-4,-1,-9,-4,0,-2,-4,-1,6,12,3,6,1,1,3,9,2,-16,DET,PHI,2018-12-08
1.0,2,9,-6,-2,-17,-15,-1,0,-1,4,-3,5,8,5,8,5,4,30,8,15,-5,14,0,8,-2,-2,4,ATL,CHA,2018-11-25
1.0,10,13,6,8,-17,-13,0,7,7,10,-4,-5,9,3,-1,4,0,10,9,5,36,3,1,5,4,1,-8,LAC,NYK,2019-03-03
1.0,-14,0,-18,2,11,7,-4,7,3,8,-1,1,-6,1,-8,-8,-4,-2,3,-1,13,0,0,3,5,1,-2,NOP,OKC,2019-02-15
1.0,-1,1,-3,4,-1,1,-2,6,4,3,0,-3,-3,3,-4,1,-2,-10,2,-5,11,15,0,-4,0,-1,-7,SAC,PHI,2019-02-03
1.0,-4,1,-12,-1,6,4,5,3,8,3,-1,-2,0,3,-12,-4,-4,-14,-8,-7,20,-7,1,5,-3,-1,-6,SAS,NOP,2019-02-03
1.0,1,7,-5,1,-8,-7,-2,0,-2,1,2,2,5,0,0,2,1,-2,-6,-1,20,-43,0,-2,-1,-1,5,BOS,MIA,2019-01-21
1.0,-2,3,-2,1,-5,-4,-1,4,3,1,-3,5,0,1,9,7,5,12,5,6,-6,-9,-1,1,-7,0,2,MIL,CHI,2018-11-29
0.0,7,-1,4,2,2,-1,-2,-14,-16,-5,3,5,-6,-10,-1,3,0,-10,-6,-5,-19,18,0,-6,-1,0,3,CHA,MIL,2018-10-17
1.0,-11,-1,-19,-4,20,11,2,6,8,1,0,-1,-10,-1,13,7,5,10,6,5,-5,-13,0,4,5,3,-3,SAC,MEM,2018-10-25
1.0,7,-2,11,1,3,5,2,-4,-2,2,3,3,-1,-3,10,4,3,-8,-4,-4,2,4,0,7,1,0,5,ORL,CLE,2018-11-06
1.0,-1,6,10,5,4,2,7,12,19,6,0,5,-1,4,4,2,2,14,6,7,0,-8,-1,3,-4,1,-17,MIL,CHI,2018-11-17
1.0,10,13,-10,4,-3,2,8,13,21,9,2,-4,-2,-1,1,2,0,0,6,0,31,22,0,11,-1,1,0,DEN,LAL,2018-11-28
0.0,5,3,6,-8,0,-2,8,6,14,-2,-6,3,-5,4,2,3,2,28,15,14,-14,8,0,8,2,0,-3,ORL,WAS,2019-01-26
1.0,-1,-3,5,6,9,2,-4,-12,-16,-8,7,2,-5,-7,3,5,1,-10,-5,-5,19,-33,0,-10,1,-2,15,MEM,MIN,2019-02-06
1.0,-12,1,-9,0,5,6,-9,5,-4,1,0,1,-2,3,-4,2,-3,-6,-13,-3,3,26,0,1,0,-2,3,IND,MIA,2018-11-17
1.0,-12,-3,9,7,-3,1,-4,11,7,6,-6,0,6,11,-16,-7,-7,-28,-23,-14,-7,-25,-1,-4,2,1,-17,PHX,MEM,2018-11-05
1.0,-7,6,2,-4,-4,-1,-5,5,0,1,-1,3,1,1,5,1,2,18,-3,9,16,1,0,0,-8,0,8,TOR,MIN,2018-10-24
0.0,-10,-11,5,5,16,9,5,7,12,4,-5,-5,-3,9,2,1,1,-16,-2,-8,-11,14,1,1,0,1,-11,BKN,IND,2018-12-22
1.0,4,10,-15,-4,-7,-3,1,7,8,3,-1,3,0,-3,-9,-6,-2,14,3,7,16,-5,0,2,-6,-2,-4,SAS,UTA,2018-12-10
0.0,25,5,1,2,-18,-17,4,-7,-3,2,2,-6,4,-5,20,17,8,4,17,2,-5,16,0,7,6,-1,15,SAC,POR,2019-01-02
1.0,6,0,15,6,0,-2,5,-3,2,1,0,-3,0,-2,11,6,4,-14,-10,-7,6,19,0,3,0,0,4,MIN,NOP,2019-01-13
0.0,2,6,-17,-7,-10,-9,-1,1,0,-4,-2,6,3,3,8,5,4,30,21,15,-8,1,0,0,-1,0,-7,NOP,DET,2019-01-24
1.0,10,2,-10,-2,-1,-1,4,-6,-2,-10,1,-4,0,-3,0,0,0,18,28,9,-4,-22,2,-3,6,0,2,DET,PHI,2018-10-23
1.0,-3,2,-1,2,1,1,1,6,7,-6,-3,-6,2,7,-7,0,-5,-2,6,-1,5,30,0,5,8,0,2,POR,MEM,2018-12-20
0.0,-13,-9,-10,-10,6,5,-10,-11,-21,-10,2,1,-3,-3,-2,-2,-2,4,2,2,-26,0,0,-14,-4,0,5,MEM,LAL,2018-12-09
1.0,-6,2,-3,5,-2,0,-1,6,5,-1,-7,-7,3,8,5,2,1,-8,-1,-4,8,13,-1,-4,3,0,-13,NOP,MIN,2019-01-01
1.0,-7,1,15,10,8,6,-1,11,10,10,0,4,-3,4,-5,-6,-1,-14,-19,-7,25,-30,0,3,2,-1,-11,UTA,LAL,2019-01-12
1.0,1,5,-2,-1,-5,-5,1,2,3,-2,0,-9,3,3,8,4,3,14,15,7,2,17,0,3,1,1,-5,BKN,ORL,2019-01-24
1.0,13,3,4,0,-6,-5,-4,-14,-18,-4,8,-5,4,-13,13,7,4,-2,10,-1,1,-16,1,-8,-1,-1,20,OKC,UTA,2019-02-23
1.0,-4,-2,-2,4,15,9,-1,-1,-2,-3,4,1,-8,-4,-5,-4,0,-16,-2,-8,-7,21,0,2,4,1,0,MEM,POR,2019-03-06
1.0,13,0,10,-2,5,5,2,-8,-6,1,9,2,-2,-11,4,4,2,12,5,6,-14,-7,0,5,3,-3,15,TOR,IND,2018-12-20
1.0,-3,2,-17,-3,3,2,4,4,8,1,4,0,-5,3,10,3,5,8,13,4,0,6,0,7,0,2,2,DAL,HOU,2018-12-08
0.0,-3,-3,3,4,2,1,-2,-1,-3,-6,-1,3,-4,1,-1,-3,0,-24,-8,-12,1,-30,0,1,4,1,1,CHI,SAS,2018-11-27
0.0,-3,2,-16,-6,-7,-6,-3,-2,-5,10,-4,-1,1,5,-8,2,-1,12,9,6,-20,21,0,-10,-1,-2,0,PHX,HOU,2019-02-05
0.0,-9,1,5,2,5,-5,2,5,7,7,-4,2,-5,6,-15,-8,-7,-8,-12,-4,-2,13,0,3,7,0,-5,ORL,CHI,2019-02-23
0.0,-4,-3,18,5,-4,-2,1,2,3,11,-9,1,-3,10,-2,2,0,-14,-20,-7,11,24,-1,-8,0,0,-6,UTA,NOP,2019-03-05
1.0,-1,9,-1,-1,-17,-12,-6,2,-4,11,-4,1,4,3,-22,-5,-5,2,-9,1,9,11,-1,-1,5,0,-1,BOS,OKC,2019-02-03
0.0,-13,-10,4,0,10,6,-7,-4,-11,7,-3,-7,-2,-1,10,11,4,-16,-5,-8,-6,20,0,-7,0,-1,7,BKN,POR,2019-02-22
1.0,10,1,18,12,-10,-6,5,2,7,-3,1,-1,8,0,0,2,1,-32,-12,-16,16,-22,0,2,0,1,13,GSW,MIN,2018-12-11
0.0,-11,-13,-11,0,1,4,-4,1,-3,-6,-5,-2,-2,10,-11,-7,-7,-24,-10,-12,-19,-11,0,-3,2,0,-12,PHX,BKN,2018-11-07
1.0,-8,-2,1,1,17,6,-4,3,-1,-6,0,-1,-9,-2,3,0,2,12,8,6,0,-17,-1,8,6,0,3,DAL,GSW,2018-11-18
0.0,19,-5,18,3,-13,-13,11,-13,-2,4,3,3,6,-2,1,2,-3,-10,1,-5,-25,-44,-2,13,-2,-1,-3,HOU,LAC,2018-10-27
1.0,-3,6,4,-3,6,8,1,6,7,5,1,10,-1,1,0,3,1,24,4,12,9,4,0,2,-2,-2,4,OKC,CLE,2018-11-29
1.0,14,20,2,4,0,-5,10,12,22,18,8,0,1,-7,42,15,16,30,18,15,38,8,0,8,1,1,20,GSW,SAS,2019-02-07
0.0,-1,-5,3,1,-6,-5,-1,-3,-4,5,-1,1,-1,4,11,5,4,-4,2,-2,-16,-3,0,-2,1,-1,-7,ORL,POR,2018-10-25
1.0,3,-3,3,4,16,10,8,-1,7,3,-4,-5,-7,1,-4,-4,-3,-8,3,-4,-8,10,-1,1,9,0,-2,DEN,BOS,2018-11-06
1.0,0,4,1,4,-6,-4,5,7,12,5,-4,0,2,4,-14,-7,-4,-10,-14,-5,-1,-17,0,4,0,2,-5,IND,ATL,2018-11-18
1.0,-5,15,-4,6,-6,-10,-3,12,9,20,-4,0,-2,3,6,-2,1,8,2,4,31,-7,0,1,3,-2,14,PHI,NYK,2018-11-29
1.0,-9,-4,-1,6,12,7,-7,-1,-8,4,2,-3,-4,0,1,0,0,-16,-6,-8,7,11,1,-7,10,1,4,BKN,DEN,2019-02-07
0.0,20,2,14,2,-17,-11,7,-8,-1,-7,8,1,9,-8,17,7,8,-4,4,-2,4,-34,0,4,-5,3,9,CHI,LAC,2019-01-26
0.0,-8,-7,-7,-3,17,12,2,0,2,-5,-4,-4,-8,2,-4,-5,-3,2,9,1,-2,18,-1,2,-2,0,-6,DAL,GSW,2019-01-14
0.0,21,3,10,0,-18,-11,5,-12,-7,-5,1,0,4,-2,9,6,3,6,8,3,-28,33,0,0,0,-1,11,PHX,PHI,2019-01-03
1.0,-4,1,1,2,-6,-1,-2,5,3,10,-8,-2,-2,8,-14,-7,-5,12,6,6,1,-17,1,0,-1,-1,-9,WAS,PHX,2018-12-23
0.0,-13,-10,-11,-4,15,10,-7,-4,-11,-7,-3,0,-6,4,-4,-2,-2,-18,-9,-9,-29,1,0,-10,5,-1,0,LAL,TOR,2018-11-05
0.0,0,-11,-13,-11,13,13,10,-4,6,-18,-6,-2,-6,3,-5,-3,-1,2,10,1,-27,-24,1,0,1,0,-9,SAS,IND,2018-10-25
1.0,0,1,-4,4,4,0,6,9,15,-1,1,-4,-1,2,5,3,3,-6,2,-3,18,-5,0,3,-2,0,3,OKC,NOP,2019-01-25
1.0,11,5,1,2,-10,-5,-1,-6,-7,6,2,-6,4,-7,-6,1,-2,4,4,2,6,8,1,2,-6,-2,12,SAC,CHA,2019-01-13
0.0,-11,-10,0,-3,-4,-2,-11,-14,-25,-6,0,0,3,-1,6,0,2,-18,-16,-9,-18,-19,0,-12,0,1,5,CLE,MIA,2019-01-03
1.0,3,5,13,4,0,-1,8,4,12,-5,-3,4,2,0,6,3,2,-12,-9,-6,20,20,0,10,-3,2,2,BOS,NOP,2018-12-11
1.0,-11,5,-16,-3,2,3,-4,7,3,3,1,1,-1,-1,1,-1,0,16,11,8,9,11,2,-11,-6,2,4,CHI,ORL,2018-12-22
0.0,1,-5,-6,1,-2,-1,-2,-2,-4,-14,-3,-4,3,-3,-4,-2,-2,-16,2,-8,-15,4,0,-3,-1,1,-11,NOP,UTA,2019-03-07
0.0,8,-4,27,7,-6,-2,9,3,12,-7,-5,-1,5,5,6,4,3,-2,-10,-1,-14,-2,1,9,0,0,2,OKC,SAC,2019-02-24
1.0,-15,3,-12,-2,6,2,-7,9,2,-5,-2,2,-6,5,6,0,1,-2,-6,-1,9,-13,0,-17,0,1,-4,TOR,UTA,2019-01-02
0.0,19,1,-1,-3,1,-7,9,-9,0,1,3,-3,3,-8,1,1,0,6,24,3,-15,15,0,10,10,0,12,DET,NOP,2018-12-09
1.0,-9,4,-8,-4,-2,0,-5,0,-5,2,-3,5,-5,1,-3,-2,-1,8,-3,4,6,18,0,-4,-4,-1,1,LAC,DAL,2018-12-21
0.0,-8,-8,10,5,4,4,-7,-4,-11,3,-3,-3,3,1,8,4,2,-24,-10,-12,-12,2,0,-7,7,2,4,CHA,MIA,2019-03-07
0.0,-1,-1,-8,-5,4,5,1,-1,0,-8,-1,-1,-3,0,8,2,4,6,0,3,-11,7,0,0,3,-1,-6,CHA,BKN,2019-02-24
1.0,-9,2,0,7,0,-2,-4,5,1,3,-1,2,2,3,1,-6,0,-20,-19,-10,15,2,0,2,0,-1,0,IND,CHI,2019-03-06
0.0,-1,-4,5,0,-8,-3,1,4,5,-7,-4,0,2,7,8,5,3,0,-4,0,-11,-7,0,2,-1,3,-13,NYK,MIN,2019-02-23
0.0,14,0,7,0,-6,-7,7,-2,5,-8,-4,-10,3,-1,-14,-2,-7,4,10,2,-4,-1,0,18,4,2,-4,CLE,BOS,2019-02-06
1.0,6,6,10,4,14,9,9,7,16,6,1,3,-3,-3,8,2,2,8,2,4,31,16,0,8,3,-1,9,PHI,WAS,2018-12-01
1.0,19,13,0,1,1,0,8,0,8,9,7,-7,-1,-9,8,6,1,18,18,9,23,22,0,10,3,-1,22,IND,UTA,2018-11-20
1.0,16,14,13,5,-14,-18,-4,-10,-14,17,9,6,5,-13,-3,4,-1,20,9,10,24,18,0,-10,4,0,20,UTA,DAL,2018-11-08
1.0,1,8,-7,5,5,4,0,6,6,9,0,-3,-7,-2,6,2,1,2,1,1,25,28,0,-6,-2,0,5,SAS,PHX,2018-12-12
1.0,-15,0,26,15,4,1,-4,8,4,10,-1,-1,2,4,14,2,4,-10,-19,-5,21,12,-1,-4,-2,1,3,BKN,SAS,2019-02-26
1.0,-13,-3,8,4,4,5,-10,1,-9,-2,-1,1,1,0,8,0,2,4,-7,2,16,-13,0,-5,-2,0,10,TOR,GSW,2018-11-30
0.0,-8,-7,5,2,-2,-4,-2,0,-2,4,-4,0,2,3,-12,-7,-6,-4,3,-2,-21,9,1,2,5,1,-5,MIA,LAL,2018-11-18
0.0,-3,3,-10,-2,-11,-11,-7,-3,-10,7,-3,7,4,1,-9,1,-2,-2,-12,-1,5,-15,-1,-3,0,0,-15,ORL,DET,2018-11-08
1.0,9,4,-5,0,0,-4,9,2,11,3,0,-3,-9,-3,9,4,3,4,5,2,0,-10,0,6,0,1,4,SAC,WAS,2018-10-27
0.0,-7,-4,-5,3,-8,-13,-4,-4,-8,-4,-1,1,2,9,-10,-8,-2,-6,2,-3,-4,17,0,-2,-2,0,-10,ATL,TOR,2019-02-08
0.0,16,4,7,3,-19,-15,4,-8,-4,-2,-2,-3,3,0,-11,-4,-4,6,5,3,-3,-1,0,13,-2,-1,0,BOS,GSW,2019-01-27
1.0,-6,6,-2,4,18,18,-1,10,9,5,3,1,-13,-5,15,3,3,12,-3,6,37,11,-1,-5,-5,0,16,IND,PHX,2019-01-16
0.0,14,6,-10,-8,-11,-13,0,-5,-5,-2,3,3,5,-7,6,3,2,18,12,9,-3,-31,-1,-2,-1,1,3,MEM,BKN,2019-01-05
0.0,13,0,-5,-6,-7,-6,10,-5,5,-7,0,0,-1,0,-7,0,-3,4,8,2,-17,16,0,9,3,-1,1,BOS,UTA,2018-11-18
1.0,3,3,10,9,-8,-4,5,0,5,10,-4,-4,4,1,-16,-5,-6,-10,-3,-5,6,30,-1,-10,-5,0,-4,LAC,MIN,2018-11-06
1.0,8,16,-4,-2,-6,-1,3,13,16,9,5,3,2,-3,8,2,3,24,6,12,28,8,0,4,-3,1,11,CHA,CHI,2018-10-26
1.0,5,2,-1,2,0,0,7,3,10,8,-1,-4,-5,-1,-1,2,2,6,4,3,6,9,0,3,-1,0,4,DAL,CHA,2019-02-07
1.0,-4,2,-2,2,5,-1,-4,1,-3,2,2,6,-1,-3,-3,0,0,2,2,1,4,18,0,6,1,0,1,DAL,DET,2019-01-26
1.0,-5,0,2,2,2,5,3,11,14,-3,-5,-1,-1,7,3,1,2,-2,-3,-1,22,1,1,11,-4,-2,9,BKN,BOS,2019-01-15
0.0,1,4,-8,-1,-15,-11,-9,-12,-21,1,2,0,3,-6,12,6,4,4,4,2,5,2,1,-17,-8,0,7,SAC,DEN,2019-01-04
1.0,7,-5,30,9,10,8,14,1,15,-2,1,-6,1,0,-7,0,-3,-20,-9,-10,10,-5,0,19,-3,0,-4,HOU,SAS,2018-12-23
0.0,-1,-3,-10,-4,2,2,1,-7,-6,-3,4,-5,-1,1,3,5,2,10,18,5,11,-19,0,1,-4,-2,-6,CHI,DET,2019-03-09
0.0,14,5,8,6,-18,-18,0,-8,-8,12,-5,-1,1,-1,-4,-1,-3,4,5,2,-20,1,1,3,3,-2,7,WAS,TOR,2019-01-13
1.0,-8,5,7,5,-6,-2,-5,4,-1,10,3,7,5,2,13,7,6,2,-12,1,22,44,0,-7,-2,-1,2,BOS,MIN,2019-01-03
1.0,1,0,-8,0,9,9,1,-3,-2,-5,1,-2,-2,-3,11,4,6,0,8,0,29,-13,0,5,1,1,0,OKC,UTA,2018-12-11
1.0,8,-4,9,-1,19,12,4,-6,-2,1,3,-3,-10,-9,8,6,2,-2,2,-1,-14,8,1,2,13,1,11,SAC,MEM,2018-12-22
0.0,-14,-5,-11,-6,6,0,-13,-1,-14,-7,-1,1,5,4,7,-2,2,8,3,4,-23,13,-1,-18,3,0,2,LAL,DEN,2019-03-07
1.0,-12,0,2,1,15,15,0,11,11,3,0,6,-7,4,7,-1,3,4,-6,2,16,-14,0,4,3,0,-1,UTA,DAL,2019-02-24
0.0,3,-8,10,3,6,6,5,-7,-2,-6,4,-7,-5,-2,6,-1,2,-4,12,-2,-5,8,3,5,-3,0,-2,ATL,SAS,2019-03-07
1.0,15,6,11,5,-10,-4,3,-1,2,-2,4,1,0,-6,2,1,3,0,6,0,14,18,-1,1,3,1,4,NOP,LAL,2019-02-24
1.0,4,9,-11,-3,-19,-7,1,12,13,7,-5,1,8,7,3,2,0,24,11,12,11,-7,0,1,-6,-1,-5,GSW,OKC,2018-10-17
0.0,12,-2,1,-1,-6,-7,5,-6,-1,1,-1,2,3,3,-7,0,-2,-8,7,-4,-4,-24,0,3,8,-1,2,MIA,BKN,2018-11-21
1.0,13,4,9,6,-1,-5,6,-3,3,-1,2,-3,-1,-3,-2,-5,-2,6,13,3,10,29,0,12,6,0,12,DET,GSW,2018-12-02
1.0,-18,-8,1,1,29,22,-12,4,-8,1,6,3,-14,-7,-9,-9,-4,-18,-18,-9,9,32,0,-12,9,0,8,DAL,ATL,2018-12-13
1.0,-3,2,7,-1,7,4,3,5,8,-2,0,-3,0,0,-3,0,-2,2,-8,1,20,40,1,-2,-2,1,4,CLE,NYK,2018-12-13
1.0,-8,3,5,7,-5,2,-7,11,4,4,-3,4,12,-1,8,0,1,-12,-14,-6,21,-10,-1,-13,-6,2,12,OKC,ATL,2018-12-01
1.0,-9,7,-2,2,-7,-6,-2,4,2,12,0,7,2,6,-5,-4,-2,8,-11,4,4,6,0,-5,-3,-1,1,MEM,DAL,2018-11-20
1.0,-1,5,-5,-2,14,10,1,12,13,2,1,1,-10,-2,-4,-1,-2,4,-4,2,24,5,-1,-1,3,0,-3,OKC,HOU,2018-11-09
1.0,5,3,-17,-10,6,8,5,2,7,1,2,0,-8,-4,-15,-8,-6,16,12,8,-6,13,0,8,-1,0,8,SAS,LAL,2018-10-28
0.0,11,-3,-3,-2,3,-2,8,-10,-2,2,2,1,-10,-1,-7,-11,-4,-4,8,-2,-30,20,1,-3,5,0,-3,MEM,MIL,2019-01-17
0.0,0,-3,-7,-5,6,2,-1,-8,-9,-4,7,-2,-4,-4,6,1,3,-2,-2,-1,-4,21,0,1,-2,-1,2,NYK,MIA,2019-01-28
0.0,20,-2,2,-4,-5,-2,10,-11,-1,-7,7,-8,5,-7,-16,-4,-6,8,17,4,3,21,-4,6,-4,1,7,PHX,GSW,2019-02-09
1.0,10,0,13,-2,7,10,2,-6,-4,3,5,-2,-6,-5,8,3,4,0,-3,0,10,12,-2,6,11,2,13,HOU,ATL,2019-02-26
0.0,1,-9,7,0,7,6,3,-7,-4,-5,-5,2,-8,2,-5,-5,-4,-14,-4,-7,-4,-10,1,2,-3,-3,-2,ATL,CHI,2018-10-27
0.0,15,1,-1,-2,-5,-6,3,-5,-2,-5,2,-2,3,-7,-5,-5,-1,0,9,0,-12,6,0,5,5,2,1,IND,PHI,2018-11-08
1.0,6,6,-2,5,-4,-5,1,1,2,4,-3,1,1,-1,-6,2,1,0,3,0,17,5,-1,8,-1,0,-3,SAS,GSW,2018-11-19
1.0,15,19,9,10,-19,-15,3,8,11,12,-1,3,6,-3,11,6,5,22,13,11,30,6,0,9,-1,0,2,BOS,CLE,2018-12-01
1.0,6,-2,5,8,5,1,0,-8,-8,0,3,-5,-8,-3,7,7,1,-16,-3,-8,-12,10,0,8,4,-1,4,SAC,NOP,2018-12-23
0.0,-7,-2,-5,-1,-5,-5,-9,-9,-18,-7,1,2,-1,-3,-1,-3,0,0,-1,0,-27,-14,2,-17,-1,0,-5,PHX,LAC,2019-01-05
1.0,10,12,5,9,10,5,3,7,10,8,6,0,-2,-10,15,11,7,8,11,4,34,19,0,12,3,-1,16,MIL,MIA,2019-01-16
0.0,-4,0,-8,-4,2,1,-4,-1,-5,-4,0,5,4,2,3,4,0,4,0,2,-2,-14,0,-2,6,0,5,CHI,CLE,2019-01-27
1.0,0,1,10,-1,4,8,-6,-4,-10,7,8,1,-2,-10,16,7,7,14,2,7,15,10,1,-6,-3,0,15,POR,SAS,2019-02-08
0.0,-8,-2,6,4,2,-3,-10,-3,-13,-3,-3,0,0,0,-8,-5,-4,-12,-10,-6,-15,2,0,1,-2,0,-7,DET,ATL,2018-12-23
0.0,0,-10,-14,-3,-5,-3,-1,-7,-8,-14,0,-8,2,2,-7,-4,-2,-10,0,-5,-25,-10,0,-11,0,0,-12,CLE,UTA,2019-01-05
1.0,-10,-4,1,1,20,13,6,11,17,4,-8,-1,-9,8,2,-1,1,-2,-5,-1,-5,0,-1,7,6,-1,-6,UTA,DET,2019-01-15
1.0,4,-1,14,5,4,1,4,-7,-3,5,4,3,-3,-3,-4,-6,-3,-10,-6,-5,17,11,-2,-7,5,-1,-1,UTA,MIN,2019-01-26
0.0,6,-10,2,-3,4,0,7,-7,0,-3,1,-12,-2,1,-38,-20,-14,-14,2,-7,-20,-5,0,11,2,0,-10,NOP,TOR,2019-03-09
0.0,9,2,4,2,-13,-10,0,-2,-2,4,6,4,8,-3,6,4,1,6,7,3,1,14,1,1,-6,0,-4,PHX,LAC,2018-12-11
1.0,4,8,13,10,-12,-14,-2,1,-1,7,0,3,7,-1,10,3,4,-6,0,-3,20,7,0,-1,1,1,5,NYK,SAS,2019-02-25
1.0,10,0,14,5,-6,-4,5,1,6,-4,-1,3,-1,-2,-10,1,-5,-14,-5,-7,4,0,0,2,0,2,-8,CHA,WAS,2019-03-09
0.0,16,8,-8,-6,-20,-16,0,-7,-7,-4,0,-1,8,-8,3,4,0,8,4,4,2,-15,0,-3,-5,0,11,SAC,UTA,2018-10-18
1.0,-1,22,-3,0,-15,-16,6,23,29,13,-9,4,6,13,14,10,7,44,3,22,32,26,0,8,-1,-3,5,IND,MEM,2018-10-17
1.0,-3,-1,4,5,6,8,5,10,15,8,-6,0,-1,7,-6,-5,-2,-14,-8,-7,16,9,-2,8,5,1,-11,DET,WAS,2018-12-27
0.0,4,1,14,8,-21,-12,0,5,5,11,-4,-3,7,6,-6,-6,-3,-2,0,-1,15,0,1,2,-9,0,-20,CHA,NYK,2018-12-15
1.0,-5,3,-6,-3,7,5,0,9,9,3,-2,-5,-4,2,2,2,0,10,5,5,11,-12,-1,-2,7,-1,4,PHI,MEM,2018-12-02
0.0,-9,-5,-2,-3,-6,-7,-5,-3,-8,1,-7,8,1,8,-13,-8,-6,-18,-11,-9,-23,1,1,-5,1,0,0,GSW,TOR,2018-12-13
1.0,-4,3,9,8,6,2,-1,7,6,8,-3,1,-1,1,6,-3,1,-6,-5,-3,19,11,0,6,1,-1,1,HOU,CHI,2018-12-02
1.0,0,2,-1,-1,-7,-2,-9,2,-7,3,-1,-1,5,1,-2,2,1,2,2,1,14,-1,0,-12,2,0,-6,PHI,NOP,2018-11-22
1.0,-11,4,-9,-4,8,4,3,14,17,-2,-7,1,1,8,-7,-4,-3,12,1,6,12,-10,0,3,4,1,-18,UTA,BOS,2018-11-10
0.0,-2,-7,-10,-13,8,2,4,-9,-5,-9,-3,-4,-10,2,1,-3,0,16,9,8,-45,3,0,5,8,0,5,CHI,GSW,2018-10-30
0.0,2,-5,5,-1,2,1,4,-4,0,-3,-1,-3,-1,1,-11,-7,-5,-10,-3,-5,-21,6,-1,7,6,0,-16,DET,MIL,2019-01-30
1.0,2,4,-4,2,-9,-1,-7,0,-7,2,0,-3,2,-5,-10,-3,-4,2,2,1,-2,4,0,-6,1,2,1,MEM,NOP,2019-02-10
1.0,6,2,-9,0,-1,4,9,9,18,3,-7,-1,1,6,-9,-5,-3,18,26,9,-4,6,1,10,-1,-1,-11,ATL,MIN,2019-02-28
0.0,-13,-1,-5,1,4,-4,-6,-3,-9,5,1,2,8,2,15,4,6,4,-5,2,4,0,0,-16,-1,-1,3,WAS,BOS,2018-12-13
1.0,0,8,-9,-1,-2,-4,0,1,1,3,-1,-1,4,1,18,6,6,22,12,11,3,0,-3,0,5,1,0,LAL,DAL,2018-12-01
1.0,-6,0,-3,4,1,0,1,5,6,7,-1,1,-4,2,-9,3,-5,-6,1,-3,17,22,1,3,-5,0,-6,SAC,OKC,2018-11-20
0.0,-14,-10,-7,1,-5,-4,-5,-3,-8,-2,-6,-1,-1,6,-16,-10,-7,-50,-29,-25,-25,-1,0,-8,-5,0,-17,GSW,MIL,2018-11-09
1.0,-1,5,-3,-1,8,-2,-1,0,-1,1,6,0,-8,-7,16,3,6,8,3,4,22,-35,2,-2,5,0,8,OKC,PHX,2018-10-28
1.0,10,4,-10,-4,8,5,7,0,7,14,1,-3,-11,-3,7,4,4,10,14,5,12,1,-1,14,8,0,8,POR,HOU,2019-01-06
1.0,4,2,12,5,-2,-2,3,5,8,-3,2,0,1,0,23,-2,6,-16,-17,-8,-9,-5,1,14,6,0,8,GSW,NOP,2019-01-17
1.0,9,5,11,4,-10,-5,5,0,5,6,-2,4,5,2,-12,-4,-4,8,4,4,6,16,1,15,0,-2,-5,CHA,NYK,2019-01-29
1.0,1,7,19,9,0,-3,4,12,16,5,0,0,0,2,3,1,1,12,-1,6,15,7,1,5,3,0,-2,UTA,SAS,2019-02-09
0.0,3,0,-3,-5,5,4,-1,-3,-4,6,6,0,0,-6,11,5,4,16,14,8,-10,5,0,-9,4,0,9,NOP,PHI,2019-02-26
1.0,8,7,6,3,-2,-8,8,6,14,7,0,0,-4,3,11,5,5,16,13,8,16,7,1,12,3,1,-8,MIA,POR,2018-10-28
1.0,20,8,10,3,-6,-6,5,-6,-1,8,3,2,1,-10,2,4,2,16,12,8,12,19,0,14,-1,1,24,DEN,CHA,2019-01-05
1.0,1,6,4,-1,-11,-8,-1,5,4,7,4,4,6,0,4,3,1,8,-8,4,7,-1,1,-5,0,0,10,POR,DAL,2018-12-24
1.0,-2,-3,-9,-2,12,13,6,4,10,-3,-2,1,-5,-1,-3,-3,-1,0,6,0,0,4,0,4,2,2,-3,DET,ORL,2019-01-17
1.0,3,5,-5,1,-3,-5,2,1,3,7,-1,5,-1,-3,7,5,3,0,-11,0,11,9,0,1,5,1,9,OKC,MIL,2019-01-27
1.0,-4,10,-3,0,-9,-7,-7,3,-4,14,4,1,3,2,10,5,4,6,-12,3,17,0,0,1,2,0,4,WAS,CLE,2019-02-09
1.0,-4,-3,10,7,17,7,4,4,8,1,-3,-1,-12,5,-3,-4,-2,-4,4,-2,18,8,-1,3,7,-1,-8,BKN,PHX,2018-12-23
0.0,-1,-1,-1,-2,-1,-4,2,3,5,0,-2,2,6,2,-1,0,-1,10,5,5,3,14,1,3,6,1,-7,NYK,SAC,2019-03-09
1.0,1,-1,15,8,5,-2,3,2,5,5,0,-4,-3,1,0,-1,0,-10,-3,-5,15,4,0,-3,4,0,-9,DET,IND,2019-02-26
0.0,16,-7,23,2,0,-7,13,-15,-2,1,3,5,6,-6,-4,4,-3,-10,-1,-5,-28,-3,0,7,-6,-2,1,HOU,POR,2018-10-31
1.0,-2,3,-4,-1,7,9,-4,5,1,5,0,-1,-2,-3,0,-2,0,2,-4,1,22,8,-1,0,2,1,11,MEM,ATL,2018-10-20
1.0,-8,0,3,1,18,18,6,10,16,2,6,2,-6,1,17,6,6,0,-7,0,21,-1,0,7,0,0,14,PHI,CHI,2018-10-19
1.0,-8,-1,-2,2,8,9,2,5,7,-3,-1,-4,-1,-1,1,-7,1,0,-2,0,27,3,0,1,-5,3,0,LAC,SAC,2018-12-27
0.0,0,-10,-5,-7,-6,-1,-1,-13,-14,-12,-9,0,-1,3,-16,-6,-7,-24,-5,-12,-34,19,-1,-3,-5,-1,-1,CHA,LAL,2018-12-16
1.0,7,11,14,7,-19,-17,-6,0,-6,4,2,7,4,-7,4,4,1,16,1,8,16,-1,-1,-9,-8,1,10,TOR,CLE,2018-10-17
1.0,-2,4,16,4,-12,-10,-2,6,4,5,0,4,6,4,0,3,2,0,-8,0,2,20,1,8,-2,-1,0,BKN,CHA,2018-12-27
0.0,-7,-6,16,1,3,-1,6,-4,2,-16,-2,3,-1,9,5,2,3,-10,-14,-5,-2,-24,0,2,-1,0,-21,PHI,IND,2018-12-15
0.0,9,-12,7,-1,-1,-2,3,-14,-11,-7,0,-5,-6,-2,-1,1,-1,-10,11,-5,-33,-3,1,0,5,2,-5,DET,OKC,2018-12-04
0.0,1,-4,-3,-1,9,8,6,-3,3,0,0,-2,-5,-1,5,4,3,-4,0,-2,-6,-6,-1,4,-3,1,0,SAS,MEM,2018-11-22
1.0,-20,5,-5,5,-1,0,-22,7,-15,14,0,3,4,0,-4,-5,-2,4,-4,2,18,31,-1,-18,5,0,-4,DAL,OKC,2018-11-11
1.0,1,2,-3,1,2,4,3,8,11,-6,-1,-3,0,2,-3,-5,-2,16,15,8,11,-7,1,6,2,0,0,DET,WAS,2019-02-12
1.0,-8,3,-10,1,4,-1,-8,-5,-13,6,1,5,-5,-5,-1,-1,0,6,-4,3,7,-13,-1,-2,5,0,4,LAL,NOP,2019-02-28
1.0,11,0,15,1,3,5,8,2,10,5,-2,2,-7,-2,5,3,1,8,0,4,5,-3,0,7,1,0,-1,ORL,CHI,2018-12-14
1.0,0,-1,-14,-1,4,8,-3,-5,-8,12,8,-1,-2,-5,-3,-4,-1,-22,-13,-11,6,7,0,-9,-1,-1,11,SAS,DAL,2018-10-30
1.0,-6,-1,-12,-2,4,6,-5,7,2,-5,-5,-2,-7,0,-4,-8,-2,0,-1,0,8,25,0,-4,-5,1,-10,LAC,MIL,2018-11-10
0.0,24,-1,9,4,-13,-6,8,-13,-5,-5,1,-7,2,-12,-2,-3,-1,-24,-1,-12,6,18,1,6,-9,0,13,CLE,LAL,2018-11-22
1.0,-1,9,-6,-2,12,8,4,12,16,2,-3,-4,-7,4,3,-1,1,16,5,8,16,-4,-1,10,4,-1,-8,LAL,PHX,2018-12-02
0.0,6,-1,12,2,-15,-12,0,-1,-1,-2,0,-3,7,1,1,-2,0,18,15,9,-6,-6,0,-7,1,3,-8,DET,SAS,2019-01-08
1.0,5,-4,4,3,-1,10,1,-4,-3,-2,4,-4,0,-8,3,-2,1,-20,-4,-10,11,0,0,-10,-9,1,8,DET,MIA,2019-01-19
0.0,11,-6,25,10,-1,-3,2,-12,-10,-5,3,-4,3,-5,-2,0,-1,-30,-8,-15,3,-18,0,-1,5,0,14,HOU,NOP,2019-01-30
1.0,1,-6,8,3,9,10,-1,-8,-9,-4,-1,-1,-6,-4,8,4,1,-14,-3,-7,-9,-7,0,5,3,1,14,DAL,POR,2019-02-10
1.0,-6,-2,-7,1,2,4,4,7,11,-1,-3,3,10,5,-4,-6,-3,4,1,2,20,31,0,1,-3,-1,-8,MIA,GSW,2019-02-28
1.0,5,6,10,6,-3,3,6,11,17,13,-3,6,4,6,9,0,2,4,-8,2,15,5,0,0,0,-2,-2,PHI,ATL,2018-10-29
0.0,-18,-10,-19,-13,21,18,-1,10,9,-13,-4,-4,-10,6,-8,5,-5,8,2,4,-29,3,-1,2,2,-1,-13,ATL,DET,2018-11-10
1.0,2,9,10,6,-7,-2,-4,6,2,4,4,5,7,-7,11,0,2,10,-7,5,27,-35,0,-4,-8,0,11,MIN,LAL,2019-01-06
1.0,-1,0,5,0,16,19,1,3,4,-7,4,1,-6,-4,5,7,2,14,5,7,8,16,0,6,0,-1,10,CHA,SAC,2019-01-18
0.0,-6,-2,-4,1,5,0,0,5,5,9,-5,5,4,4,3,2,1,-4,-4,-2,22,-16,0,-7,-2,1,-18,MEM,DEN,2019-01-29
0.0,8,6,-10,-4,-10,-13,5,5,10,-5,1,-1,11,2,9,7,4,24,17,12,-1,13,1,14,9,1,-1,NYK,TOR,2019-02-10
1.0,8,13,6,11,-14,-14,-2,0,-2,9,1,1,4,-6,20,7,7,6,10,3,27,-2,-1,-2,1,1,12,TOR,BOS,2019-02-27
0.0,7,-11,6,-2,-11,-11,0,-10,-10,-7,-1,-4,5,3,-16,-5,-5,-8,4,-4,-35,0,0,-3,4,2,-8,CLE,NOP,2019-01-06
1.0,-1,1,14,5,-4,-3,-1,3,2,-5,-3,-7,3,4,-6,-2,-4,-10,-9,-5,-2,-1,-1,14,3,1,-2,HOU,OKC,2018-12-25
0.0,7,-11,6,2,-8,-10,1,-13,-12,-3,3,-3,11,1,18,8,8,-14,3,-7,-28,-18,0,-2,2,0,3,PHX,SAS,2018-11-01
1.0,6,6,28,11,-6,-6,2,7,9,13,2,5,1,0,10,4,5,12,3,6,20,-11,0,9,-1,0,6,MIL,IND,2018-10-20
1.0,8,4,4,1,-9,-8,4,-4,0,10,-3,-3,3,0,-6,-8,-2,24,17,12,5,4,0,-3,-3,-1,0,BKN,DET,2018-10-31
0.0,6,-3,8,1,-7,-4,1,-7,-6,2,-2,0,0,2,3,1,0,-4,0,-2,-3,-7,1,9,4,1,0,WAS,CHI,2018-12-29
0.0,-4,-3,4,-1,8,3,-6,-6,-12,-8,7,6,-2,-10,1,-2,1,4,3,2,-3,31,0,-12,-4,0,5,MIA,DEN,2019-01-09
0.0,2,-7,-7,-11,-6,-7,0,-11,-11,-14,2,3,-1,0,-4,-2,-2,2,1,1,-33,0,0,-8,-3,2,-9,ORL,CHA,2018-10-19
1.0,13,0,4,0,-2,1,7,-5,2,0,3,0,1,-3,2,3,1,-2,2,-1,-3,16,0,10,-2,0,1,SAC,LAL,2018-12-28
0.0,-13,-5,-8,1,5,4,-1,2,1,2,-9,-3,-2,8,-2,-2,-2,-10,-7,-5,16,8,0,4,-4,-2,-2,SAS,CHI,2018-12-16
1.0,-10,-3,3,-2,22,16,-1,8,7,-4,3,1,-11,-2,10,4,2,8,1,4,0,1,0,-5,6,1,4,WAS,ORL,2018-11-13
1.0,-7,6,-7,8,0,-2,-1,7,6,4,-3,-1,7,3,9,2,0,-6,1,-3,21,20,1,4,-1,-1,-3,TOR,WAS,2018-11-24
1.0,4,0,6,4,12,5,4,-2,2,5,4,-2,-10,-5,-1,0,0,-4,-3,-2,16,13,-1,4,5,-1,5,DAL,POR,2018-12-05
1.0,-4,3,-5,-4,-2,0,-7,-3,-10,5,0,2,-8,-2,4,-2,1,4,-4,2,12,-11,0,-8,-5,-2,-1,TOR,POR,2019-03-02
1.0,-21,3,-7,-4,9,6,-16,-3,-19,3,-2,8,-5,-4,-11,-8,-5,-2,-14,-1,17,-19,0,-14,-8,0,12,MEM,CLE,2018-12-27
1.0,16,5,-4,-5,0,1,6,-5,1,9,6,0,-6,-8,-16,-6,-5,18,21,9,12,32,-1,0,3,-1,22,POR,TOR,2018-12-15
0.0,19,-5,16,1,1,-1,16,-11,5,-3,-1,-4,-8,-2,-2,4,-1,2,7,1,-17,-27,0,16,1,0,5,DET,CHA,2018-11-11
0.0,-13,-11,20,5,9,7,0,8,8,1,-13,0,2,11,-11,-8,-5,-16,-12,-8,-12,8,0,-11,4,1,-24,BKN,MIN,2018-11-23
0.0,-2,-7,2,-1,16,12,11,6,17,-10,-3,-3,-10,6,-12,-1,-5,-10,4,-5,-5,-1,-1,10,2,0,-5,NYK,WAS,2018-12-04
1.0,-3,5,-13,-1,4,3,-3,4,1,2,1,0,4,-2,7,5,3,4,-1,2,12,18,-1,5,-2,0,5,IND,DAL,2019-01-20
1.0,13,16,-11,-5,-4,-5,6,11,17,12,0,-1,5,-6,18,9,7,36,18,18,19,31,0,11,-3,-1,6,SAC,ATL,2019-01-31
0.0,16,-1,-10,-3,-11,-8,4,-8,-4,0,2,-5,4,-4,-7,1,-1,0,24,0,-10,-9,0,4,4,1,4,CHI,MIL,2019-02-12
0.0,15,5,-2,-3,-13,-14,6,-6,0,2,-1,0,8,-3,-2,-1,-1,-2,-1,-1,7,20,0,8,-1,0,1,NYK,CLE,2019-03-01
1.0,8,1,-10,-2,26,22,7,2,9,-2,7,-7,-9,-9,-4,-1,-1,-8,5,-4,23,8,0,13,6,-1,13,CLE,ATL,2018-10-30
1.0,-9,0,-3,-1,3,2,-10,-5,-15,5,2,-1,2,-1,1,6,2,6,2,3,10,-7,-1,-9,1,0,6,CHI,CLE,2018-11-11
1.0,15,23,4,6,-11,-9,3,16,19,21,0,-4,3,-3,14,7,6,34,13,17,46,20,0,18,3,0,9,MIL,POR,2018-11-22
1.0,12,10,-12,-5,-7,-3,-1,1,0,7,4,0,-2,-5,17,6,7,32,23,16,2,-11,0,8,0,1,15,MIL,UTA,2019-01-08
1.0,-2,8,13,6,-11,-6,2,9,11,17,-3,2,3,5,3,0,2,16,-2,8,37,-17,1,7,-8,-1,-6,UTA,CLE,2019-01-19
1.0,1,11,-11,-1,9,11,5,17,22,14,3,2,-3,-2,15,5,7,22,7,11,33,15,0,14,-2,2,3,BOS,CHA,2019-01-31
0.0,-11,-6,-5,0,-3,-4,-6,-10,-16,-2,1,-3,0,3,2,-5,-1,-4,3,-2,-21,7,0,-6,-2,0,-11,ATL,ORL,2019-02-11
1.0,4,3,9,6,2,-3,4,0,4,8,1,-2,-1,1,6,3,3,-2,5,-1,2,-11,-1,8,0,1,4,DAL,IND,2019-02-28
0.0,-13,-6,-12,0,-3,-6,-9,-5,-14,-3,0,-5,1,5,4,1,1,-6,1,-3,-12,-20,0,-9,0,1,2,OKC,WAS,2019-01-07
1.0,3,6,12,10,9,8,-3,3,0,7,3,-1,-5,-5,7,2,2,0,0,0,37,10,0,0,4,0,4,DEN,CHI,2019-01-18
0.0,5,-1,-12,-2,-10,-6,1,-2,-1,4,4,-4,0,2,-3,-3,-2,-8,10,-4,-8,22,-1,-6,-1,-1,6,DEN,HOU,2018-11-14
1.0,14,5,23,3,-6,-9,9,0,9,6,-2,5,-2,-1,-7,0,-1,12,-1,6,-8,-3,0,12,-1,0,16,DAL,MIN,2018-10-21
1.0,7,6,4,4,-5,-7,2,-1,1,10,1,0,2,-4,12,6,6,-6,-2,-3,18,-18,0,-10,-6,2,11,PHI,LAC,2018-11-01
0.0,-6,-12,21,10,8,7,4,-7,-3,-7,-7,2,-7,5,-17,-7,-5,-46,-24,-23,-5,-8,0,2,-2,1,-10,HOU,MIL,2019-01-10
1.0,7,11,14,7,-19,-17,-6,0,-6,4,2,7,4,-7,4,4,1,16,1,8,16,-1,-1,-9,-8,1,10,TOR,CLE,2018-10-17
1.0,6,10,-13,0,0,0,1,-1,0,-4,6,-1,0,-10,5,0,3,18,13,9,25,4,0,-3,-2,1,18,IND,BKN,2018-10-20
1.0,-11,3,-5,-1,-6,-2,-13,6,-7,-6,1,3,6,1,7,-1,2,-10,-16,-5,7,-34,-1,-11,-1,1,-8,MIN,UTA,2018-11-01
1.0,0,8,-2,-1,2,-5,-2,4,2,7,2,6,-5,-2,-3,-1,-1,26,5,13,5,16,0,4,5,1,-8,WAS,NOP,2018-11-25
1.0,-13,3,3,5,11,12,-8,3,-5,6,7,3,-5,-5,20,4,6,0,-13,0,26,13,0,-7,-4,1,15,MIL,DET,2018-12-06
1.0,-3,1,-5,3,2,4,-3,-4,-7,8,2,0,-2,-3,-1,-2,-2,-2,-1,-1,-4,10,-2,-9,-7,0,10,DEN,TOR,2018-12-17
1.0,8,7,-4,-5,-10,-5,-3,-3,-6,5,7,2,6,-6,-7,-1,0,14,6,7,-13,7,2,0,-4,-1,8,PHX,SAC,2019-01-09
1.0,18,7,-9,-11,-6,-1,9,1,10,3,0,-2,6,-5,3,0,0,38,29,19,-12,-8,0,16,0,0,13,NOP,DAL,2018-12-29
0.0,4,-6,-2,-7,-1,-5,3,-8,-5,-12,1,-3,2,2,-6,0,-1,6,8,3,-14,5,-2,12,1,-1,1,CLE,GSW,2018-12-06
1.0,-1,-2,2,5,10,4,0,0,0,0,-2,-3,-3,1,7,-2,2,-12,-7,-6,4,-19,0,1,1,-1,-1,OKC,CHA,2018-11-24
0.0,10,-2,0,-2,-7,1,1,-5,-4,-2,0,-4,4,-2,0,8,0,6,5,3,-7,-18,0,8,0,-1,-2,CHI,DAL,2018-11-13
1.0,3,2,11,2,8,11,2,4,6,-4,3,-2,-1,-1,-7,-1,-3,-4,-5,-2,26,19,-1,0,0,0,6,BKN,ATL,2018-12-16
1.0,17,8,6,7,-10,-10,3,-2,1,4,0,-2,2,-6,-8,-6,-3,6,11,3,20,-8,2,0,6,1,9,CHA,BKN,2018-12-29
0.0,1,1,-10,-6,-8,-3,-8,-4,-12,8,2,2,2,-3,-2,4,0,18,12,9,-8,-6,0,-6,-1,-1,-3,SAC,LAC,2019-03-02
1.0,2,3,15,3,0,-2,-2,-7,-9,6,9,3,-1,-10,13,4,5,-10,-18,-5,4,-13,-1,-2,-2,1,19,GSW,UTA,2019-02-13
0.0,-14,-7,-6,-4,2,4,-3,8,5,-4,-9,-5,-3,10,-2,-10,-1,-4,-9,-2,-12,-11,0,-7,-2,1,-23,NYK,BOS,2019-02-02
0.0,-1,0,-2,-3,-7,-5,6,4,10,-2,-5,6,7,7,-13,-8,-5,-6,-8,-3,-18,8,0,1,-5,-1,-5,SAS,LAC,2019-01-21
0.0,9,0,14,5,-8,-8,3,-7,-4,3,6,4,3,-5,14,13,7,2,0,1,-13,-31,0,9,-3,0,1,NOP,LAC,2018-12-04
0.0,-10,-7,-5,-7,8,3,-2,-1,-3,-9,-2,0,-3,4,6,-1,2,12,4,6,-29,13,0,-12,-1,1,-9,ATL,BOS,2018-11-24
0.0,5,-7,4,1,7,6,5,-7,-2,0,-2,-2,-1,-2,0,1,1,-12,-1,-6,-6,14,0,3,5,-1,1,DEN,MIL,2018-11-12
0.0,-4,-4,-3,-4,9,8,0,0,0,-5,-4,-2,-6,-1,11,6,5,0,6,0,-14,4,0,6,-5,-1,3,OKC,PHI,2019-03-01
1.0,-1,5,6,5,-9,-6,-3,2,-1,5,1,0,4,-1,13,10,5,-8,-6,-4,19,-7,0,-2,-2,0,7,OKC,POR,2019-02-12
1.0,-9,-3,6,7,6,6,3,3,6,-1,-4,3,1,6,4,-2,1,-18,-13,-9,5,24,0,4,2,-1,1,ORL,IND,2019-02-01
1.0,10,10,7,7,1,2,-2,-3,-5,10,12,5,4,-14,24,11,10,14,9,7,37,-2,0,3,-4,0,29,TOR,MEM,2019-01-20
1.0,-6,8,-3,3,3,-1,-2,4,2,0,2,1,3,-1,0,0,0,-4,-6,-2,20,13,0,-6,2,-1,11,WAS,IND,2019-01-31
0.0,-12,-3,1,-1,13,5,1,1,2,8,-4,1,-4,7,-7,-3,-3,-8,-8,-4,-13,-8,-2,1,5,2,-20,PHI,OKC,2019-01-19
1.0,-4,4,8,4,2,-2,-2,5,3,7,-2,3,2,3,-20,-9,-8,0,-5,0,12,0,0,8,3,1,-3,POR,NYK,2019-01-08
1.0,15,9,19,9,-5,-3,3,-1,2,8,5,-3,1,-5,-1,3,0,18,10,9,27,19,1,16,-2,-1,9,WAS,CLE,2018-11-15
0.0,2,-2,10,1,-9,-7,1,-1,0,-2,-6,2,-4,3,11,4,4,-8,-8,-4,-1,-9,0,10,6,0,-7,UTA,MEM,2018-11-03
1.0,-10,9,11,6,-4,-3,-9,14,5,15,5,3,7,1,26,10,10,12,-6,6,25,9,0,-8,3,2,6,TOR,CHA,2018-10-22
0.0,1,-9,15,-1,16,14,6,-2,4,-9,-1,-1,-3,7,5,6,2,-10,-3,-5,-1,-5,0,13,6,-3,-15,UTA,POR,2019-01-22
0.0,4,4,-10,-8,-12,-9,-4,-6,-10,6,1,6,0,-6,5,8,2,16,-2,8,-5,16,1,2,-7,-1,4,LAL,HOU,2018-10-21
1.0,9,4,-3,2,13,9,3,-2,1,2,5,3,-7,-9,0,0,0,-10,-6,-5,20,17,0,8,6,1,15,NYK,ATL,2018-10-17
1.0,-7,4,6,10,-6,-5,-6,8,2,3,-3,1,6,2,10,2,4,-24,-25,-12,16,-1,0,-9,2,-1,6,POR,NOP,2018-11-02
0.0,-4,-8,7,-1,-5,-5,-2,-4,-6,-6,-5,-1,1,5,-3,-5,0,-14,-6,-7,-24,-17,0,0,0,1,-15,ORL,IND,2018-12-08
0.0,2,-1,-9,-2,8,3,2,-1,1,2,0,4,-4,0,9,4,1,-2,9,-1,3,0,0,3,5,-3,0,IND,CLE,2018-12-19
1.0,-14,-6,9,5,24,17,1,4,5,-1,-3,-3,-17,4,-4,-5,-4,-16,-9,-8,5,-22,1,5,2,1,1,DAL,PHX,2019-01-10
1.0,7,19,4,1,-8,-7,7,18,25,13,-2,5,8,2,-7,-2,-2,44,16,22,46,31,1,13,0,0,-7,UTA,NYK,2018-12-30
1.0,4,4,4,1,-12,-8,-1,-2,-3,2,1,-4,6,-4,10,5,5,-2,-1,-1,-3,27,-1,-8,-9,-2,7,PHI,ORL,2018-10-20
1.0,1,1,13,6,8,1,4,-3,1,8,4,0,-5,-1,-6,-3,-3,0,-4,0,15,13,0,6,2,-1,1,DAL,BOS,2018-11-25
1.0,-8,-1,12,7,13,3,-5,-2,-7,3,-2,1,-6,2,10,1,3,-12,-8,-6,0,5,-1,1,6,-1,-1,LAL,SAS,2018-12-06
1.0,4,0,2,2,0,3,-2,-11,-13,-7,4,3,-1,-6,9,3,1,-4,2,-2,17,-14,0,-8,-2,-1,8,HOU,UTA,2018-12-18
1.0,-3,11,4,5,-9,0,-3,12,9,6,1,7,7,2,23,9,9,16,-10,8,31,26,-1,-3,-10,1,4,BOS,IND,2019-01-10
0.0,-4,-4,11,5,1,-8,1,-4,-3,2,-5,-2,-7,5,8,6,4,-4,-7,-2,-6,-43,2,4,4,-2,-14,LAL,LAC,2018-12-29
1.0,-13,-4,1,-2,17,19,-1,2,1,-6,4,5,-2,-1,1,-2,0,-12,-11,-6,16,7,0,-4,-2,2,0,PHX,LAL,2019-03-03
1.0,-8,9,-33,-9,4,1,0,10,10,8,-1,3,-5,1,0,3,1,34,21,17,1,5,-1,4,-4,-2,6,MIN,HOU,2019-02-14
0.0,1,-6,-16,-12,14,11,2,-8,-6,0,5,-2,-4,-7,4,0,0,6,15,3,-11,23,0,2,-4,0,10,CLE,DAL,2019-02-03
1.0,11,4,1,6,1,3,2,3,5,-2,7,1,-6,-5,3,0,1,-8,8,-4,25,-5,1,6,2,1,0,OKC,PHX,2018-11-13
1.0,-8,10,8,8,-6,0,-6,10,4,7,2,8,6,2,5,10,3,-18,-30,-9,23,18,0,-1,-2,0,10,GSW,POR,2018-11-24
0.0,-13,-6,-2,2,4,8,-7,-8,-15,-7,-1,-2,1,1,-5,-2,-2,-12,-2,-6,19,19,-1,-5,-4,1,-1,BKN,OKC,2018-12-06
1.0,15,10,-5,2,-8,-4,7,1,8,6,4,-1,0,-5,-13,-3,-4,10,9,5,25,-37,-1,8,-3,0,-2,WAS,LAL,2018-12-16
0.0,-14,-4,-1,-3,5,6,-8,3,-5,3,-2,1,-3,2,-6,-2,-2,-6,-10,-3,-1,-16,0,-15,2,0,0,IND,ORL,2019-03-03
1.0,4,9,-1,3,-19,-13,0,6,6,13,1,1,4,5,4,4,3,14,6,7,17,12,1,-1,-1,0,-4,BOS,DET,2019-02-14
1.0,-3,6,-13,-2,2,4,-1,7,6,14,1,1,-10,-2,16,6,6,8,4,4,10,8,0,-9,1,0,13,DEN,HOU,2019-02-02
1.0,2,5,-11,-3,9,7,3,2,5,2,2,3,-3,-4,15,-1,2,14,7,7,23,2,0,4,2,2,8,WAS,DET,2019-01-21
0.0,-8,-2,-2,-4,10,5,2,4,6,-3,-5,0,-3,9,-1,1,-2,12,5,6,-2,-17,0,4,1,0,-6,PHI,BOS,2019-02-13
0.0,0,0,1,-1,-8,-8,-7,-5,-12,0,2,2,0,-4,-1,2,0,2,3,1,0,-15,1,-3,-2,0,0,GSW,PHI,2019-02-01
1.0,17,15,8,5,-15,-13,7,8,15,13,2,1,10,-1,-2,1,-1,10,-1,5,26,13,0,11,-1,-1,13,DEN,CLE,2019-01-20
1.0,6,-1,4,1,13,8,3,-2,1,4,7,4,-2,-8,0,6,0,4,4,2,8,-23,0,7,3,-1,7,NOP,LAC,2018-10-24
1.0,2,8,-3,3,-5,-4,-2,10,8,10,-4,-7,5,5,-4,-1,-2,8,4,4,10,7,-2,-4,5,-1,-4,DEN,UTA,2018-11-04
1.0,0,3,-1,1,3,2,0,1,1,1,3,-4,-3,-1,9,9,1,6,5,3,3,9,0,-1,1,-1,-1,LAL,POR,2018-11-15
1.0,13,-1,24,2,0,6,6,1,7,7,2,-2,-13,-4,1,-4,-1,8,6,4,9,5,-2,5,1,1,11,DAL,CHI,2018-10-23
1.0,-14,-5,-1,4,10,16,-4,5,1,5,3,0,-1,0,2,2,1,-20,-12,-10,24,5,0,-5,-8,1,8,PHI,DET,2018-11-03
0.0,1,1,-13,-6,4,2,5,5,10,-1,1,-2,-5,3,5,3,3,10,7,5,15,-12,-1,0,2,-1,-2,TOR,DET,2018-11-15
1.0,-10,0,-13,1,11,8,-11,-4,-15,5,9,1,0,-9,22,17,11,-8,-2,-4,10,-4,0,-7,0,0,6,OKC,POR,2019-01-23
0.0,17,6,-6,-2,-15,-13,2,-8,-6,-2,4,3,8,-5,4,1,2,20,14,10,4,-2,-1,4,3,0,8,CHI,BKN,2018-12-20
1.0,-7,0,-7,5,3,2,-4,4,0,2,2,-3,0,1,-1,1,-2,-14,-10,-7,13,-11,0,-6,0,1,-9,WAS,MIL,2019-01-12
1.0,3,1,10,2,8,3,3,2,5,6,-1,0,-6,1,-15,0,-6,-6,0,-3,-2,-4,0,11,10,-1,3,LAL,SAC,2018-12-31
0.0,0,-5,-2,-6,-8,-7,-1,-7,-8,-7,-7,-1,1,5,-2,-2,-1,6,5,3,-23,-16,0,2,4,1,-13,WAS,OKC,2018-11-03
1.0,7,-1,3,-1,18,5,7,0,7,-1,7,-2,-7,-10,6,3,2,4,8,2,1,15,-1,-1,8,1,7,DEN,GSW,2018-10-22
1.0,-12,0,-3,2,-1,0,-9,-3,-12,0,3,0,4,-2,-3,-2,-1,-10,-11,-5,1,8,0,-4,-3,1,5,CHI,OKC,2018-12-08
0.0,-7,-9,-7,-1,-2,-2,-6,-7,-13,-10,-1,2,-1,-1,1,1,0,-14,-2,-7,-21,-5,1,-8,-3,-1,0,SAC,UTA,2018-11-26
1.0,4,10,-8,-3,-12,-9,6,8,14,7,-1,2,11,7,3,3,2,20,10,10,3,12,0,1,-1,1,-9,DEN,DAL,2018-12-19
1.0,-4,7,-21,-6,4,5,2,12,14,7,-3,4,-3,5,0,-1,1,28,17,14,18,3,0,1,-2,-1,3,LAL,DET,2019-01-10
0.0,-5,-8,-3,3,7,2,-1,-8,-9,-5,-1,-2,0,2,-10,-3,-5,-6,13,-3,-22,30,-2,-3,5,0,-19,LAC,SAS,2018-12-30
1.0,14,-2,8,2,14,6,13,-4,9,-3,1,-4,-6,-6,13,6,4,0,9,0,-9,13,1,3,3,-2,-3,OKC,MEM,2019-03-04
1.0,-14,-2,-1,0,8,5,-3,8,5,2,-6,-5,-4,8,7,-2,2,2,-4,1,-2,2,0,1,4,1,-12,MIL,BOS,2019-02-22
1.0,1,11,-4,0,10,5,-2,6,4,13,11,-1,-2,-11,12,1,5,28,8,14,32,17,1,1,7,0,23,UTA,HOU,2018-12-07
0.0,-14,-5,-5,-1,17,7,-4,1,-3,-9,1,5,-5,5,12,6,4,-4,-5,-2,-4,-21,0,-3,6,-1,-3,LAL,ORL,2018-11-25
1.0,-11,9,-14,-2,10,11,-8,12,4,-1,2,4,-1,-4,1,2,1,8,1,4,20,21,0,-10,-3,0,6,SAS,PHI,2018-12-18
1.0,13,3,14,5,-4,-8,7,2,9,0,-2,2,2,1,-1,1,-1,4,8,2,2,21,0,9,7,0,1,ATL,CLE,2018-12-30
0.0,-3,-1,-23,-13,0,4,-2,4,2,1,-1,-4,0,1,-5,1,-1,12,11,6,-26,22,1,7,-2,0,-11,BOS,HOU,2019-03-03
1.0,-2,15,8,13,-8,-5,-5,10,5,14,0,2,-4,-1,2,0,-1,0,-8,0,40,26,0,-2,-7,0,4,ORL,CHA,2019-02-15
0.0,0,0,1,-2,2,1,-7,0,-7,-2,3,-3,-1,-2,-4,-6,-2,-6,-8,-3,3,3,-1,-6,8,2,8,MIN,DEN,2019-02-03
1.0,-10,12,-17,5,-7,-5,2,21,23,1,-7,-1,9,10,-1,1,1,10,4,5,22,18,-1,1,-3,1,-18,CLE,CHA,2018-11-14
0.0,7,-13,6,-7,9,3,9,-16,-7,-13,5,-1,-7,-5,5,2,1,-6,1,-3,-34,-28,0,-1,-1,0,7,DAL,MEM,2019-03-03
1.0,-9,2,-11,-3,12,11,3,11,14,-5,-7,-2,0,6,6,2,4,16,11,8,11,-42,0,6,2,-1,-6,CHI,MEM,2019-02-14
1.0,3,8,-11,0,-4,-3,-1,0,-1,2,5,6,6,-4,-1,-4,0,16,-1,8,8,-21,0,2,-9,-1,13,ORL,BKN,2019-02-03
1.0,-3,6,10,3,13,14,2,17,19,-1,1,0,-5,2,2,-4,0,16,3,8,22,-15,0,10,3,1,10,BKN,SAC,2019-01-21
0.0,7,2,7,1,-2,-7,1,-4,-3,0,7,-4,1,-4,-3,-5,-1,4,5,2,-12,1,0,2,5,0,-4,MIA,ATL,2018-11-28
1.0,4,9,-1,4,-9,-6,-2,-3,-5,12,5,3,2,-6,3,0,1,10,1,5,24,-4,0,-4,-5,0,12,MIN,POR,2018-11-17
0.0,7,-1,4,-1,-3,-2,12,-2,10,3,-2,-5,4,2,-5,-3,-3,-4,4,-2,-3,-19,1,13,-3,0,-7,DET,MIA,2018-11-06
1.0,10,-1,-3,1,0,4,9,-2,7,-7,-4,0,-3,-3,4,-1,1,-10,4,-5,1,-7,0,12,-4,1,12,DET,BKN,2018-10-17
1.0,-17,-1,-6,-1,10,8,-6,11,5,4,-5,-3,1,7,-5,-7,-3,-6,2,-3,11,9,0,-4,-3,0,-15,LAC,SAS,2018-11-16
1.0,40,19,8,5,-23,-18,6,-14,-8,11,5,2,7,-18,8,2,3,30,32,15,22,17,0,2,0,-1,30,BKN,PHI,2018-11-04
0.0,2,-4,-16,-11,1,3,8,1,9,-5,-3,1,3,1,8,3,4,-12,-2,-6,-20,9,0,1,-3,0,5,CLE,BKN,2018-10-24
0.0,-11,-10,-14,-7,6,7,-9,-5,-14,-11,-4,4,1,-2,11,6,5,-6,-3,-3,-24,-21,1,-13,-2,0,10,CHI,ATL,2019-01-24
1.0,-1,1,2,6,-3,-4,0,0,0,7,-2,-2,2,4,4,3,3,-4,-4,-2,1,4,0,-5,1,-3,9,MIA,MEM,2019-01-12
1.0,-13,12,-6,-2,5,1,-9,9,0,5,0,4,-7,-1,14,4,5,32,0,16,26,-1,2,-10,-1,0,2,MIL,DET,2019-01-02
1.0,7,12,7,9,-11,-8,4,7,11,14,3,-1,4,-2,3,4,2,12,5,6,27,-9,0,7,-1,0,21,OKC,NYK,2018-11-15
1.0,3,5,-8,-3,-3,-2,-5,1,-4,6,5,1,1,-1,-1,0,0,2,5,1,14,11,1,-10,3,1,-10,ATL,MIA,2018-11-03
1.0,2,6,3,5,8,3,-5,0,-5,11,4,3,3,-7,28,17,11,2,-1,1,27,-1,0,-2,2,0,14,GSW,PHX,2018-10-23
1.0,0,2,-13,-3,2,3,2,1,3,-1,4,2,1,-3,5,-1,2,10,9,5,14,14,-1,-8,-4,1,8,IND,TOR,2019-01-24
0.0,-5,-4,4,-3,5,3,-3,-2,-5,-5,3,-3,-7,0,-3,-1,-1,-12,-17,-6,-15,4,0,-4,-8,-3,15,NYK,BKN,2018-12-09
0.0,9,-1,-15,-11,1,7,3,2,5,-4,5,2,2,-6,3,6,3,12,10,6,2,11,0,6,-5,0,11,MIN,DET,2018-12-20
1.0,0,6,19,11,6,5,2,4,6,4,-4,5,-6,2,-3,-9,-3,-16,-19,-8,39,-16,0,-8,-1,0,3,HOU,CLE,2019-01-12
1.0,-12,-7,16,12,15,14,1,6,7,-5,-6,0,-6,3,-14,-7,-4,-24,-21,-12,19,-15,0,8,5,1,-9,HOU,MEM,2019-01-01
1.0,-4,0,-4,-2,9,10,0,6,6,7,6,2,-3,-1,-1,1,1,4,3,2,10,6,0,-1,-3,0,6,PHI,ORL,2019-03-06
0.0,-7,-6,-3,-1,-2,-4,-2,4,2,-5,-3,-1,5,8,-9,-2,-4,-16,-6,-8,-19,-13,0,-5,5,1,-13,PHX,MIA,2018-12-08
0.0,0,-4,5,2,-5,-1,1,0,1,6,-4,-5,0,8,-6,0,-2,-14,-7,-7,-8,2,2,3,-3,0,-7,CLE,MIN,2018-11-27
1.0,2,10,-1,5,-6,-3,5,11,16,9,4,2,3,1,5,1,1,8,3,4,23,25,1,5,-7,1,-2,PHI,NYK,2018-12-20
1.0,-15,-2,-16,1,5,10,-9,3,-6,5,0,5,1,4,-5,-3,-2,-12,-17,-6,8,17,-1,-11,-2,0,-1,SAS,OKC,2019-01-11
1.0,12,1,13,2,2,2,10,-2,8,1,-2,6,-1,-5,11,7,5,-4,0,-2,1,3,0,14,1,-1,14,TOR,CHI,2018-12-30
1.0,-10,0,-15,-9,15,10,-2,2,0,0,3,4,-4,-3,4,-1,2,2,-8,1,21,3,1,-2,1,-1,6,SAS,DEN,2019-03-05
1.0,-1,4,-6,3,4,2,0,10,10,2,1,0,0,0,3,8,2,12,10,6,4,17,0,13,3,1,1,CHA,WAS,2019-02-23
0.0,1,-10,3,-5,3,6,1,-4,-3,-6,-4,2,1,4,-16,-6,-5,-6,-6,-3,-20,9,0,11,3,-2,-1,BKN,MIL,2019-02-05
0.0,-3,6,-4,-2,-13,-12,-3,4,1,-9,-7,-2,3,7,3,2,1,2,4,1,18,25,0,-14,-1,0,-3,BKN,PHI,2018-11-25
1.0,-5,-3,17,8,12,12,1,2,3,-3,2,-2,-2,0,-1,1,0,-8,-7,-4,5,34,-1,-1,3,2,-6,CLE,ORL,2019-03-03
1.0,1,7,4,3,-5,-4,-1,14,13,8,-1,-2,5,-2,5,1,1,14,4,7,10,29,0,1,6,3,2,CLE,PHX,2019-02-22
0.0,-1,-9,2,-4,-1,-5,6,-3,3,2,-7,1,-8,6,19,7,7,-8,-3,-4,-23,-11,0,-2,5,3,-11,UTA,HOU,2019-02-03
1.0,2,12,-19,-3,7,7,4,13,17,7,0,8,-3,1,4,0,1,18,13,9,29,2,-1,7,3,0,-2,PHI,HOU,2019-01-22
1.0,12,16,14,10,2,-3,1,1,2,10,11,-2,1,-10,7,3,2,14,9,7,46,7,0,7,5,0,15,MIN,SAS,2018-11-29
0.0,-3,-18,-8,-6,8,3,-1,-19,-20,-10,-1,-7,-5,-1,-14,-10,-5,-20,-3,-10,-38,-10,0,-9,4,0,-17,CHI,TOR,2018-11-18
0.0,2,3,4,-1,-11,-10,-5,-5,-10,-5,0,0,4,-4,-2,2,-2,12,6,6,-8,-13,-1,-1,-2,1,5,PHX,IND,2018-11-28
0.0,-7,-8,5,2,10,6,6,3,9,2,0,4,-3,3,-4,1,-3,-8,3,-4,7,-19,0,-1,0,0,-7,BKN,LAC,2018-11-17
0.0,11,-2,-4,-1,-1,4,10,4,14,5,-2,-3,5,-2,7,1,3,-8,14,-4,-5,31,0,2,-6,1,1,NYK,CHI,2018-11-06
1.0,-1,11,-9,3,-3,-3,3,11,14,15,-1,4,-2,3,18,14,7,10,4,5,26,-22,0,9,2,3,1,GSW,WAS,2018-10-25
1.0,2,4,-7,2,3,0,0,9,9,-2,-3,-2,-4,-1,2,5,1,20,18,10,2,-6,0,2,8,0,-3,OKC,ORL,2019-02-06
1.0,-3,-3,2,1,21,15,12,15,27,2,-7,-9,-10,11,2,4,1,-2,5,-1,6,22,1,18,5,1,-20,BKN,NYK,2019-01-26
0.0,4,-10,8,1,-3,0,10,5,15,-9,-10,1,5,10,-23,-9,-8,-10,6,-5,-18,-3,-2,9,-2,0,-20,ATL,MIL,2019-01-13
1.0,-8,0,-6,0,6,2,1,8,9,-2,-1,0,4,8,12,5,5,10,3,5,3,5,-2,0,1,-2,-5,CHI,CHA,2018-10-25
0.0,-3,-8,3,0,7,9,-1,1,0,-4,-4,1,-1,3,-17,-4,-5,-26,-10,-13,-23,8,0,3,-1,-1,-11,SAS,ORL,2018-11-05
1.0,-7,0,1,7,-5,-1,0,2,2,10,-3,1,2,4,0,-2,1,-14,-6,-7,11,10,1,-6,-11,1,-3,PHI,UTA,2018-11-17
1.0,0,-4,19,11,7,3,0,-10,-10,8,0,-2,-5,-1,0,0,0,-22,-12,-11,14,-13,0,4,4,-2,4,UTA,DEN,2019-01-24
1.0,-12,4,-10,0,-2,0,1,15,16,7,-6,4,3,11,-7,-7,-5,0,-7,0,21,-23,-1,-6,0,1,-6,IND,WAS,2018-12-11
0.0,-7,-2,-2,-2,0,-1,-11,-8,-19,-9,4,2,4,-4,-1,-2,0,-12,-16,-6,8,-20,-2,-8,-3,1,-14,NYK,ATL,2018-12-22
1.0,-3,-1,-8,1,9,11,-6,1,-5,6,5,-2,-2,-7,20,6,8,0,9,0,5,-5,0,0,1,0,11,OKC,SAS,2019-01-13
0.0,4,0,-1,-7,1,1,-5,-9,-14,-7,5,-7,1,-7,-6,-3,-3,12,9,6,-24,15,0,-4,-2,-1,6,LAC,PHI,2019-01-02
0.0,-2,-6,6,1,1,-1,5,-6,-1,0,-2,0,-1,7,3,-1,1,10,8,5,-10,-13,-1,-12,-3,0,-6,MIA,LAC,2019-01-24
1.0,-8,-1,17,3,8,7,4,9,13,-2,-2,2,-3,7,12,6,4,12,-13,6,4,-2,0,3,-1,1,-20,POR,MIN,2018-12-09
0.0,-9,-12,2,0,6,5,-8,-15,-23,1,-1,-1,-6,-4,3,1,0,-20,-11,-10,-17,1,-2,-10,-1,-1,4,SAC,OKC,2018-12-20
1.0,3,16,10,2,-7,-3,-3,7,4,8,7,14,10,-4,16,9,6,12,-10,6,35,5,0,-2,-3,-1,5,POR,CHA,2019-01-12
1.0,29,15,-14,-8,1,-2,6,-9,-3,1,6,0,1,-16,14,12,8,28,20,14,22,-6,0,18,2,-3,31,OKC,DAL,2019-01-01
1.0,-5,5,-24,-7,4,8,-5,12,7,8,2,-6,-2,-3,-2,-2,0,16,23,8,15,11,-1,-15,1,1,11,MIN,OKC,2019-03-06
0.0,-12,-7,1,4,-1,-5,-12,-8,-20,-1,-3,-1,0,0,0,2,1,-10,-5,-5,-16,-6,0,-7,1,0,-4,PHI,POR,2019-02-23
1.0,2,2,-2,-1,7,7,3,6,9,2,-2,0,-4,2,-4,-3,0,10,5,5,3,8,0,-5,1,1,-9,IND,SAC,2018-12-09
0.0,-20,-14,-7,-7,19,18,-5,3,-2,-6,-6,1,-5,9,-5,4,-2,-8,-1,-4,-18,-1,-1,-1,3,-2,-16,NOP,BOS,2018-11-27
1.0,-2,0,0,-1,5,8,-4,-1,-5,11,3,-2,-1,-4,-3,3,-1,-2,1,-1,10,-23,0,-7,0,0,1,SAC,NYK,2019-03-05
1.0,5,-3,-7,2,10,7,5,-6,-1,-3,1,-3,-2,-5,4,5,4,6,25,3,1,-34,0,1,2,0,4,TOR,SAS,2019-02-23
1.0,-8,8,0,4,2,-5,-7,9,2,8,-1,2,-2,0,18,8,8,2,0,1,13,28,0,-12,5,-1,-5,SAC,SAS,2019-02-05
1.0,5,5,21,7,2,1,9,11,20,6,3,-2,4,1,6,4,3,-8,-21,-4,20,14,0,5,1,2,2,TOR,LAC,2019-02-03
1.0,10,8,11,6,-9,-4,6,2,8,3,-1,0,0,-2,-10,-5,-5,-16,-7,-8,14,18,0,9,-1,1,3,BOS,PHI,2018-10-17
0.0,14,3,-12,-9,-5,-5,1,-4,-3,-13,3,-2,4,-6,2,0,2,24,21,12,-16,1,0,2,2,0,6,CHA,UTA,2018-12-01
1.0,-4,-1,-2,3,7,2,-2,-2,-4,-5,0,0,-9,-5,5,-1,3,-4,-4,-2,1,-42,0,-9,-4,0,1,LAL,MIA,2018-12-11
1.0,4,-5,9,5,17,8,10,0,10,-4,5,-7,-3,-3,6,4,2,-8,7,-4,0,1,-1,3,6,0,0,POR,ORL,2018-11-29
0.0,-3,-1,5,5,-11,-13,-10,-11,-21,8,5,-1,8,-4,15,5,6,-4,-6,-2,-15,-4,0,-6,1,1,5,PHX,OKC,2018-11-18
0.0,20,-13,-3,-9,7,5,10,-23,-13,-13,6,-2,-8,-10,-15,-2,-5,-12,5,-6,-34,-8,0,9,4,0,-1,MIN,MIL,2018-10-27
1.0,-1,8,1,1,0,-2,-1,10,9,-3,5,2,1,1,-7,-6,-2,-16,-17,-8,13,8,0,2,-4,-1,3,POR,MIL,2018-11-07
1.0,2,12,5,3,-8,-3,-2,8,6,3,1,6,1,0,19,0,8,14,-11,7,22,-5,0,3,-7,-2,24,IND,LAC,2019-02-08
0.0,5,-2,3,-4,-1,-4,1,-11,-10,-4,1,3,-1,-1,6,2,3,10,8,5,-17,2,0,2,-2,-1,-5,NOP,SAS,2019-01-26
0.0,8,4,-4,-4,-8,-10,6,6,12,0,-2,5,0,5,5,6,2,10,14,5,10,4,0,7,-2,-1,-3,OKC,BOS,2018-10-26
0.0,0,-11,-2,-5,27,14,5,-8,-3,8,1,1,-9,-2,-5,7,-1,-2,5,-1,-17,2,-1,12,15,-1,-1,UTA,TOR,2018-11-06
1.0,3,7,2,1,-2,-2,3,-3,0,6,0,2,3,-1,1,-2,0,6,-1,3,13,-14,0,-3,-4,0,5,ORL,LAL,2018-11-18
0.0,4,-9,2,2,7,6,6,-6,0,-6,2,-1,-5,1,6,6,2,-20,-2,-10,1,5,0,6,2,0,-8,BKN,UTA,2018-11-29
0.0,6,0,1,1,-11,-6,-5,-5,-10,1,7,0,5,-3,10,4,4,-8,1,-4,-1,-36,1,-4,-1,-1,5,CHI,NOP,2019-02-07
1.0,0,-3,10,-4,15,12,0,-7,-7,-10,7,4,-4,-7,-8,-5,-3,10,-2,5,22,-12,0,8,1,-2,5,HOU,TOR,2019-01-26
1.0,-10,9,-16,-2,16,9,-4,16,12,16,5,5,-3,-4,5,8,2,16,-1,8,18,0,3,3,2,2,-3,PHI,TOR,2018-12-23
1.0,-7,5,-12,-3,-2,-4,-4,0,-4,-4,0,-1,-2,2,1,3,1,14,14,7,1,-10,0,-8,2,1,5,DEN,POR,2019-01-14
0.0,-16,-3,-4,0,1,-1,-9,-1,-10,2,0,4,2,6,9,5,4,0,-8,0,-6,21,-1,-6,-3,0,-6,LAL,OKC,2019-01-03
1.0,8,3,9,2,0,7,1,0,1,-5,3,5,0,-5,15,2,5,10,1,5,2,-18,0,4,-3,0,9,MIL,PHI,2018-10-25
0.0,-6,-8,12,1,7,1,-5,-9,-14,-6,1,-4,-2,0,14,6,3,-10,-11,-5,-17,-2,1,-1,4,-1,-1,PHX,POR,2019-01-25
0.0,-12,-6,-9,-8,-2,1,-3,1,-2,-12,-6,-1,2,11,-11,-5,-5,10,-1,5,-8,0,0,-8,-3,-2,-6,CHI,SAC,2018-12-11
1.0,4,13,12,13,-13,-13,2,9,11,17,-4,-2,3,4,4,1,1,-4,-5,-2,29,15,1,-4,-2,0,-2,SAS,MIN,2018-12-22
1.0,-9,-2,20,9,8,3,0,5,5,-1,-2,4,-1,4,5,4,1,-22,-25,-11,9,-8,-2,-2,3,-2,6,UTA,CHI,2019-01-13
1.0,-3,3,-2,1,10,9,-3,1,-2,3,5,-4,1,-4,10,2,4,-6,-9,-3,15,-20,0,-2,-1,0,14,WAS,ATL,2019-01-03
1.0,4,4,14,6,-3,-3,-4,-11,-15,4,5,2,2,-8,11,3,5,-4,-9,-2,11,-3,0,-3,-7,-1,16,PHX,NYK,2019-03-07
1.0,-7,0,17,7,2,5,-2,10,8,-1,-1,6,1,1,15,4,5,-6,-14,-3,10,-33,1,1,-2,0,2,MIL,MIN,2019-02-24
0.0,7,3,5,0,-13,-11,2,-2,0,2,0,4,8,0,-5,-1,-3,-6,-5,-3,-3,3,0,5,0,-2,6,TOR,MIL,2018-12-09
1.0,-7,1,-10,4,6,6,-1,3,2,-2,-1,0,1,2,6,3,2,-6,2,-3,13,13,0,0,10,0,10,CHA,DET,2018-12-22
1.0,9,9,6,2,1,-3,5,0,5,4,2,-2,-3,-8,1,2,1,16,6,8,9,27,0,-1,1,0,22,DET,MIN,2019-03-07
1.0,-2,-1,17,11,-5,-4,-1,10,9,7,-1,-3,5,6,9,7,4,-28,-20,-14,13,-15,-1,0,3,1,-9,CLE,MEM,2019-02-24
0.0,15,-2,7,3,-6,-5,4,-14,-10,-1,2,2,1,-12,-25,-11,-8,-10,2,-5,-18,-22,-2,-3,-8,-1,15,MEM,LAC,2019-02-23
1.0,23,21,13,15,-18,-15,7,-1,6,12,6,4,6,-9,10,4,4,-2,-1,-1,46,25,0,9,-5,0,27,IND,LAL,2019-02-06
1.0,-5,2,2,2,8,3,5,2,7,4,-2,1,3,-2,-3,2,-1,12,4,6,3,23,-2,5,-7,1,-4,MEM,POR,2018-12-13
1.0,1,8,-7,0,3,5,-2,6,4,2,7,0,-4,-7,12,3,7,8,1,4,23,17,1,0,-3,0,17,MEM,PHX,2018-10-28
0.0,-1,1,-13,-3,-5,-8,-7,-15,-22,10,0,1,6,-5,7,5,3,2,8,1,-8,-1,1,-8,3,-2,-4,SAC,TOR,2018-11-08
1.0,-3,-3,-11,-7,18,18,8,14,22,-1,-1,-3,-7,6,0,0,0,10,9,5,-3,16,0,21,4,0,-3,PHI,PHX,2018-11-20
0.0,-7,-8,14,4,8,6,0,6,6,-1,-1,-2,5,-1,-3,-3,-2,-22,-22,-11,3,21,0,-5,-1,3,2,BKN,MEM,2018-12-01
0.0,-10,-12,-4,-7,7,7,2,-1,1,-9,-6,-1,-6,8,-24,-11,-10,-10,-5,-5,-30,14,0,-2,1,-1,-17,LAC,TOR,2018-12-12
0.0,8,3,-3,-4,-5,-5,7,-2,5,1,1,3,0,0,-13,-5,-4,10,12,5,5,-5,3,17,2,0,-3,MIA,PHX,2019-02-26
0.0,9,-7,13,-1,-8,-4,-2,-15,-17,-1,4,-4,0,-5,4,1,1,-8,1,-4,-16,19,0,0,3,0,6,BKN,CHI,2019-02-09
0.0,15,3,8,0,-18,-11,4,-7,-3,11,-3,2,0,1,2,7,2,24,15,12,-9,-3,1,-4,-8,-2,-2,ATL,NYK,2018-11-08
0.0,3,-6,3,-7,-5,-1,-2,-5,-7,-9,0,-5,-2,-2,-7,-1,-3,-2,13,-1,-27,-28,1,6,-2,0,-6,DET,BOS,2018-10-27
1.0,-3,8,8,5,-9,-7,-10,3,-7,23,-2,4,0,1,-4,-2,-1,8,-10,4,18,-23,2,-2,2,2,-1,ORL,NYK,2018-11-18
1.0,0,10,1,-3,-4,-9,1,5,6,2,-6,7,1,1,0,-4,2,20,0,10,21,-14,0,-6,-1,0,7,LAL,IND,2018-11-30
0.0,-3,-4,-3,-6,2,13,1,4,5,0,2,-1,-3,0,5,-2,0,-8,-7,-4,11,30,0,-3,-7,0,-1,BOS,LAL,2019-02-08
1.0,3,10,-12,-6,2,2,0,10,10,-2,-3,2,-3,-2,1,-1,2,34,18,17,18,9,-1,2,7,1,4,DEN,PHI,2019-01-27
0.0,6,-5,1,-4,-3,-6,0,-12,-12,-15,-2,-1,1,0,3,1,2,6,8,3,-13,5,0,2,6,-3,-5,CLE,CHI,2018-12-23
1.0,2,20,20,13,-14,-11,-1,21,20,22,-4,9,10,4,16,9,7,8,-10,4,40,-5,0,11,-3,0,-1,PHI,MIN,2019-01-16
1.0,3,5,-1,0,4,7,5,14,19,1,-1,-5,0,0,0,0,0,12,8,6,2,-2,-1,5,2,0,-3,MIN,ORL,2019-01-05
1.0,7,4,1,7,0,-4,1,5,6,5,-4,-5,-2,-1,-5,0,-2,0,6,0,8,-10,0,14,11,0,6,CHA,ATL,2018-11-07
0.0,3,-12,6,-3,0,-1,5,-4,1,-9,-4,-5,2,5,-2,-6,-1,-6,7,-3,-18,7,0,2,5,1,-15,NYK,GSW,2018-10-26
1.0,9,7,11,8,13,6,5,2,7,6,5,3,-7,-9,-1,-1,0,4,2,2,26,9,-2,3,8,3,6,UTA,PHX,2019-02-07
1.0,-1,5,-8,-4,-2,3,-6,-1,-7,-3,5,4,-1,-6,15,12,6,24,9,12,-5,-21,0,-10,-2,1,7,MIL,CHA,2019-01-26
1.0,6,3,4,1,-12,-3,4,4,8,6,-2,4,9,0,16,8,6,-12,-10,-6,9,2,0,4,-10,-1,1,GSW,DAL,2018-12-23
1.0,13,1,26,8,0,8,-2,-5,-7,-14,7,-2,0,-11,-5,2,-2,-18,-12,-9,16,-19,0,3,1,1,8,HOU,MEM,2019-01-15
0.0,3,8,-17,-7,-13,-10,-4,3,-1,3,0,1,-1,4,5,1,3,16,8,8,17,2,0,9,3,0,-5,GSW,HOU,2019-01-04
1.0,-10,7,15,10,-8,-8,-15,-1,-16,2,4,-4,1,-1,1,3,1,0,-13,0,22,4,0,-12,1,0,3,HOU,PHI,2019-03-09
1.0,-7,3,7,2,20,17,2,8,10,10,-1,2,-7,-3,1,0,1,14,6,7,28,11,0,-8,1,1,11,DAL,ORL,2018-12-11
1.0,-10,-1,5,0,9,10,-6,1,-5,1,-1,-2,-7,0,5,2,3,-8,-14,-4,10,-10,0,1,5,0,9,LAL,NOP,2018-12-22
0.0,10,-8,-6,-4,-10,-8,1,-10,-9,-13,3,-9,7,-2,2,1,1,2,24,1,-30,-5,0,2,1,0,-5,CHI,ORL,2019-01-03
1.0,-4,8,-2,0,1,3,2,10,12,-5,-3,3,3,3,-6,2,-2,24,11,12,22,-1,1,5,-6,-1,-1,MIL,IND,2019-03-08
0.0,0,-4,-8,-3,-6,-4,-6,-4,-10,1,0,-6,4,1,3,9,1,6,19,3,-16,-6,0,-2,0,-1,-10,TOR,ORL,2019-02-24
1.0,4,8,-5,-4,-3,-6,0,3,3,-2,-2,4,0,-3,3,1,1,20,9,10,8,5,0,8,0,-1,4,BKN,CLE,2019-03-07
0.0,2,-7,-5,-7,1,-2,2,-10,-8,-3,0,1,-2,-1,0,-3,0,4,4,2,-15,-31,0,-3,4,0,4,MIA,DET,2019-02-24
0.0,7,-1,4,2,2,-1,-2,-14,-16,-5,3,5,-6,-10,-1,3,0,-10,-6,-5,-19,18,0,-6,-1,0,3,CHA,MIL,2018-10-17
0.0,8,-9,3,-4,-6,-4,1,-13,-12,1,0,-2,1,1,-3,7,1,-12,-3,-6,-28,-7,0,-8,3,1,0,GSW,LAL,2018-12-26
0.0,8,-5,-4,-2,0,1,5,-3,2,-1,1,-5,4,1,0,-3,0,-14,0,-7,-15,17,-1,3,2,-1,-1,CLE,TOR,2018-12-02
0.0,-12,-3,-6,-3,5,5,-4,3,-1,-3,0,1,-4,4,2,2,1,4,2,2,-1,7,0,-4,-2,-1,-12,NYK,POR,2018-11-21
0.0,1,-7,7,7,-2,-1,3,-4,-1,7,-4,1,1,5,-2,-1,-1,-8,8,-4,3,4,0,-4,-4,1,-14,MIA,IND,2018-11-10
1.0,-1,11,-1,4,-3,1,5,17,22,13,-4,2,-3,4,3,-1,1,12,-6,6,42,14,0,7,-6,0,3,UTA,MIA,2018-12-13
1.0,-7,-2,-10,3,10,10,-3,4,1,-3,-1,-1,-6,1,0,-3,-1,-6,7,-3,12,-4,0,-6,6,0,-6,DEN,OKC,2019-02-27
0.0,-12,-10,-26,-12,0,1,-4,-4,-8,-8,-5,-2,-4,8,-9,-6,-5,-4,1,-2,-36,-12,0,-2,5,-1,-7,SAS,HOU,2018-12-01
1.0,-6,0,-5,-1,13,7,0,8,8,-9,2,-1,-4,-2,-2,3,0,14,8,7,-9,-15,0,5,0,2,14,MIL,DEN,2018-11-20
0.0,-4,2,-2,-3,-12,-8,-13,-1,-14,4,4,0,5,-1,-5,-7,-3,-2,-6,-1,15,-31,1,-9,-6,0,0,PHX,BOS,2018-11-09
0.0,-2,-2,9,9,-9,-11,-7,-3,-10,0,-6,-4,4,3,-17,-12,-7,2,7,1,-12,19,-1,-4,6,0,-15,BKN,GSW,2018-10-28
1.0,0,5,-13,1,5,5,5,6,11,9,1,-2,-5,4,-4,-6,-3,-10,-3,-5,21,9,-1,5,2,-1,-3,IND,MIL,2018-12-13
1.0,4,1,9,-1,3,4,5,6,11,-5,-1,0,-7,-3,-10,-3,-3,6,-5,3,7,26,0,7,3,1,-5,MEM,LAL,2019-02-26
1.0,0,-3,9,0,6,11,-2,-2,-4,5,5,-1,1,-4,21,12,10,4,2,2,-4,-3,2,-2,0,-1,11,NOP,MIN,2019-02-09
1.0,-3,9,-12,-2,-8,-3,-1,18,17,-1,-5,4,2,6,5,-1,3,12,5,6,16,27,0,0,-2,1,-17,SAS,WAS,2019-01-28
0.0,3,-4,12,2,4,2,2,4,6,-4,-3,-3,-5,4,-12,-9,-4,2,4,1,13,-15,0,2,1,1,-12,DAL,SAS,2019-01-17
0.0,-1,-2,6,0,-4,-3,0,0,0,1,0,-4,-2,3,-4,3,-1,10,5,5,-3,20,1,3,0,2,-6,MIL,TOR,2019-01-06
1.0,0,-2,9,6,4,3,0,3,3,-13,-4,-3,-6,1,-16,-4,-7,-8,-5,-4,3,-12,0,6,0,1,-4,CHA,BOS,2018-11-20
1.0,-12,-2,-11,0,6,6,-5,0,-5,0,-2,4,0,1,-7,-2,-3,0,5,0,0,-15,0,-6,1,-2,1,MEM,DEN,2018-11-08
0.0,12,-8,12,2,-4,2,12,3,15,-7,-4,-1,5,0,-14,-1,-5,-16,2,-8,-10,24,1,10,-7,3,-12,CLE,IND,2018-10-27
1.0,8,7,8,6,-12,-3,1,6,7,2,-3,1,4,-1,4,4,1,6,-2,3,22,-1,0,-3,-3,1,2,DET,NYK,2019-02-09
1.0,-5,5,-7,3,-1,1,-1,9,8,17,-6,-5,2,6,2,2,1,12,13,6,25,12,0,1,-2,1,-1,LAC,SAC,2019-01-27
0.0,7,2,-2,-5,-5,-1,3,2,5,-8,-5,5,4,-2,18,2,6,16,8,8,0,-7,-1,-1,0,-1,-7,OKC,MIN,2018-12-24
0.0,-3,-15,-5,-7,6,6,-3,-11,-14,-8,-2,-1,-8,-2,-3,-2,-2,2,10,1,-38,-3,-1,-3,0,0,-3,DEN,GSW,2019-01-16
0.0,-1,6,0,0,-21,-19,-1,0,-1,3,-8,3,7,10,-18,-7,-6,14,4,7,-11,-24,0,-10,-4,1,-9,LAL,NYK,2019-01-05
1.0,21,15,-5,0,-14,-14,10,10,20,3,4,5,7,-5,8,4,5,16,10,8,18,-9,0,8,-6,0,13,IND,WAS,2018-12-23
1.0,-5,6,-5,0,-5,-4,-6,5,-1,2,0,3,0,-1,8,9,3,0,-6,0,9,24,1,-6,5,0,-2,SAC,POR,2019-01-15
1.0,-7,2,-7,-1,6,3,1,6,7,4,-1,4,0,6,-4,-4,-2,16,3,8,8,14,-1,2,3,-1,0,MIA,WAS,2019-01-05
1.0,-3,12,2,6,-14,-13,-7,4,-3,11,2,7,6,0,11,4,6,8,-5,4,21,-35,0,-7,-5,-2,-6,GSW,DEN,2019-03-09
1.0,-2,0,-5,4,2,1,1,5,6,4,3,2,3,0,-10,-4,-6,-14,1,-7,14,6,-1,10,-1,2,-7,ORL,DAL,2019-03-09
0.0,-4,-8,-8,-7,13,12,-4,-7,-11,-12,4,-2,-7,-3,-5,-6,-3,0,4,0,-14,6,0,2,2,0,8,CHA,GSW,2019-02-26
0.0,1,2,4,0,-18,-13,-5,-4,-9,1,-3,0,10,2,-4,1,-2,6,-2,3,-3,20,0,-1,-5,1,-2,LAC,DEN,2018-10-18
1.0,-3,1,-8,-2,9,3,0,-1,-1,4,3,2,-3,-4,-1,2,0,-4,-7,-2,-2,7,-1,15,3,-1,14,ORL,MIA,2018-10-17
1.0,0,0,-1,-1,4,5,9,11,20,-3,-3,0,-1,6,5,-3,2,14,13,7,-1,-15,0,4,-1,-1,2,DAL,LAC,2018-12-03
0.0,-10,-7,-3,-5,20,17,-1,1,0,-5,-4,-1,-7,4,-3,0,-1,-2,-12,-1,-7,8,0,8,4,0,10,MIN,DEN,2018-11-22
1.0,-6,-5,2,0,15,17,5,14,19,4,2,0,-7,0,10,4,4,4,6,2,12,12,-1,2,-2,1,4,BKN,WAS,2018-12-15
0.0,1,-4,12,1,5,5,0,-3,-3,-2,2,-7,-1,-3,-10,-2,-3,-6,-3,-3,0,-13,-1,2,0,2,-9,ORL,PHX,2018-12-27
1.0,-11,6,0,10,-9,-7,-7,13,6,3,-4,-3,2,7,7,-2,2,4,-5,2,20,16,0,-2,-1,0,3,MIL,TOR,2018-10-30
1.0,1,4,7,5,-2,-2,-3,0,-3,5,1,5,6,-5,15,16,6,-2,-5,-1,3,12,0,0,-2,1,10,SAC,MIN,2018-11-10
0.0,3,-6,7,-1,-5,-3,-5,-16,-21,-9,4,6,0,-8,11,-1,4,-10,-3,-5,-21,32,0,-18,-8,-2,14,ATL,TOR,2018-11-22
0.0,-3,-3,-16,-8,11,5,2,-3,-1,-11,-3,-1,-7,2,-10,-4,-3,12,14,6,-7,-5,0,6,1,0,0,MIN,BOS,2018-12-02
1.0,5,-1,2,5,5,12,8,4,12,1,-1,-3,3,1,-3,-3,-2,-6,7,-3,11,2,1,18,-3,0,-2,HOU,LAL,2018-12-14
0.0,-4,2,-5,-1,-10,-8,-5,-2,-7,6,-6,2,5,5,2,-3,1,10,0,5,-10,0,0,-7,1,0,-10,BOS,POR,2019-02-28
0.0,-3,-3,11,3,0,-2,-5,-9,-14,-2,3,2,2,-7,-13,-9,-6,-10,-9,-5,20,0,0,-5,0,0,15,HOU,OKC,2019-02-10
0.0,5,-9,14,3,15,5,1,-20,-19,-6,-1,-1,-2,-8,4,6,1,-32,-13,-16,7,-38,1,13,1,-1,16,OKC,LAL,2019-01-18
0.0,11,-5,20,5,-8,-4,12,-2,10,1,-3,-3,2,5,-4,-6,-3,-6,-7,-3,-5,6,0,13,-4,0,0,ORL,OKC,2019-01-30
1.0,6,18,2,11,-15,-15,0,12,12,17,0,6,9,0,8,-1,2,14,3,7,32,24,0,4,-4,1,4,LAC,WAS,2018-10-29
1.0,4,2,4,2,0,3,4,2,6,2,0,3,0,-3,-8,-7,-3,-12,-7,-6,14,11,0,6,-1,0,11,ORL,WAS,2018-11-10
0.0,-3,-5,-4,-1,11,9,5,1,6,1,-2,-1,-8,-2,-1,-8,-1,-6,-2,-3,-15,-2,0,-9,0,0,-3,ORL,TOR,2018-11-21
0.0,-2,5,-8,-8,-5,-3,-1,4,3,-9,-4,3,2,3,1,-1,2,22,3,11,-16,-5,0,4,0,-1,-6,POR,DEN,2018-12-01
0.0,4,-1,-11,-1,0,-1,2,-6,-4,5,7,-8,2,-5,17,7,6,-2,11,-1,-7,21,0,0,2,-1,19,SAC,GSW,2019-01-06
0.0,12,1,-11,-1,-23,-21,3,-10,-7,-3,-1,-6,9,-1,15,6,5,-8,14,-4,-22,5,0,2,-8,0,-8,LAC,UTA,2019-01-17
0.0,-4,-13,-1,-1,-6,-5,-3,-7,-10,-10,-5,-2,-1,3,-6,-1,-1,-18,-1,-9,-35,-1,-1,1,-8,-2,7,IND,GSW,2019-01-29
1.0,5,10,-10,-7,1,2,1,12,13,8,5,3,0,-3,7,3,3,22,7,11,20,-7,0,4,3,0,6,IND,CLE,2019-02-10
1.0,24,8,9,3,-9,-10,2,-7,-5,5,8,-5,2,-12,2,2,2,10,16,5,6,47,0,8,8,1,19,LAC,DAL,2019-02-26
0.0,-15,-5,4,-4,8,6,-3,1,-2,3,-3,1,-4,7,21,10,9,4,-11,2,-4,-7,0,-6,0,-3,-4,LAL,MEM,2018-12-24
0.0,0,0,4,4,-12,-9,-2,4,2,-6,-5,-4,0,6,-3,-2,-1,-10,-8,-5,7,-15,0,-5,-3,0,-10,DET,UTA,2019-01-06
1.0,0,5,1,7,-8,-8,0,7,7,12,-2,4,10,4,-3,-1,-1,-4,-3,-2,5,17,0,-1,-2,-2,-6,BOS,TOR,2019-01-17
0.0,5,6,2,-6,-4,-9,-1,0,-1,1,-1,-3,2,4,-9,1,-2,28,11,14,-6,-1,0,0,5,-1,-8,DAL,TOR,2019-01-28
0.0,19,6,-3,-7,-22,-7,3,0,3,1,0,-1,14,-4,5,-3,1,30,21,15,-5,-15,-2,-1,-13,0,9,ATL,BKN,2019-03-10
1.0,-6,-1,2,2,6,8,-4,1,-3,2,4,5,-3,-1,3,1,1,-2,-4,-1,12,-3,2,-4,2,1,3,MIN,CLE,2018-10-20
1.0,0,4,-7,-1,11,5,1,0,1,4,7,-4,-2,-5,-5,2,-3,14,10,7,11,10,-1,0,5,2,-3,MEM,WAS,2018-10-31
0.0,-16,0,-9,-5,5,4,-15,0,-15,-6,1,10,5,-2,6,7,2,6,-12,3,1,12,1,-17,-2,-3,5,WAS,MIA,2018-10-19
1.0,5,3,14,6,4,2,10,8,18,-11,-5,1,0,2,-1,-3,-2,2,2,1,15,-14,-1,10,-2,0,0,HOU,BOS,2018-12-28
1.0,-14,0,-3,1,12,8,-2,6,4,6,-1,3,-4,4,-4,-1,-2,-4,-12,-2,12,9,0,-7,-2,2,6,DET,BOS,2018-12-16
1.0,-18,-2,-9,-5,19,15,-6,7,1,-4,2,4,-10,0,0,-5,-1,0,-18,0,3,-4,0,0,1,-1,2,IND,CHI,2018-12-05
0.0,-6,-13,23,6,2,1,-6,-11,-17,-15,0,4,-3,-1,-5,1,-2,-32,-21,-16,-29,12,1,-6,5,1,-5,HOU,NOP,2018-10-18
0.0,4,6,-1,-1,-11,-13,-4,-4,-8,9,2,4,1,-4,-4,-3,1,16,8,8,13,7,0,-13,-2,0,13,MIA,TOR,2018-12-27
0.0,1,-1,-10,-7,7,6,-4,-12,-16,-9,6,-3,-2,-9,15,7,6,8,7,4,-3,-29,1,-6,-1,0,10,MEM,MIA,2018-12-15
0.0,8,-4,2,-8,2,-1,3,-7,-4,-10,0,-4,-3,-2,1,5,2,24,20,12,-24,10,-1,8,5,1,3,ATL,GSW,2018-12-04
0.0,-1,-9,14,1,12,8,4,-6,-2,-6,2,3,-9,-1,-5,-2,-2,-16,-7,-8,-15,-10,0,-5,4,0,3,UTA,SAC,2018-11-22
1.0,6,10,-8,0,-8,-4,-6,1,-5,7,2,5,2,-4,-2,-1,-1,-20,-13,-10,18,-33,1,-2,3,-1,11,GSW,BKN,2018-11-11
1.0,8,1,12,2,0,-2,-3,-7,-10,4,9,-4,-3,-8,-1,-1,0,-10,-16,-5,15,8,-1,6,1,3,12,MIN,MEM,2019-01-31
1.0,-16,9,-15,1,-16,-10,-16,4,-12,10,-4,1,7,7,-11,-9,-3,4,-12,2,14,25,1,-8,-3,-2,-1,IND,CHA,2019-02-12
1.0,-5,-2,1,8,-3,3,-13,-8,-21,19,3,4,-3,-4,14,6,4,-20,-10,-10,-2,8,-2,-6,-4,-3,16,IND,MIN,2019-03-01
1.0,14,6,-6,5,-15,-7,-2,-11,-13,6,8,1,8,-10,8,6,3,-10,3,-5,10,10,-1,-2,-13,0,4,PHX,DAL,2018-12-14
0.0,5,-5,4,-1,4,1,2,-11,-9,-5,3,1,-6,-6,-2,-1,0,-4,6,-2,-17,29,1,-7,4,-1,8,CHA,NOP,2018-12-02
1.0,-17,-2,-9,1,14,11,-2,5,3,0,-1,-3,-1,4,7,-4,3,-6,-9,-3,1,-3,0,0,-3,0,-4,CHI,PHX,2018-11-22
1.0,0,7,-11,1,9,5,6,11,17,12,-3,0,-9,4,9,2,3,10,9,5,24,-2,0,13,2,-3,8,NOP,PHX,2018-11-11
1.0,11,-1,11,0,3,7,2,-5,-3,0,6,0,-8,-9,4,5,3,0,-3,0,9,-9,0,4,1,0,9,DEN,NOP,2018-10-30
1.0,14,15,-10,1,-10,-10,-3,-1,-4,18,8,-2,5,-10,16,7,6,18,16,9,16,-3,0,-2,1,-1,22,BOS,BKN,2019-01-08
0.0,-3,3,-20,-9,-1,1,3,5,8,2,0,1,-1,2,-5,-1,-1,6,3,3,18,-18,0,5,-2,0,1,ORL,BKN,2019-01-19
1.0,20,-1,5,2,1,2,11,-13,-2,3,1,-1,-7,-7,-7,-1,-2,-4,5,-2,9,-4,0,7,10,0,15,SAS,PHX,2019-01-30
1.0,4,8,-3,2,3,5,-2,1,-1,2,7,-1,-4,-9,5,3,2,10,7,5,21,19,-1,-3,-5,1,16,PHI,LAL,2019-02-10
0.0,12,2,3,1,-7,-7,5,-1,4,5,-5,-4,-3,1,-16,-2,-6,10,11,5,-6,6,1,14,2,0,-11,MEM,CHI,2019-02-28
0.0,-5,-10,13,1,9,9,4,2,6,-8,2,1,-2,6,-10,-7,-5,-30,-16,-15,-5,9,1,5,-1,-2,-16,MIA,SAC,2018-10-29
1.0,4,7,-9,-1,-6,-3,-2,1,-1,-4,-1,-2,3,-5,3,-1,1,14,12,7,3,0,0,-6,-3,1,-4,LAC,ORL,2019-01-06
0.0,10,-7,-5,-9,1,-1,3,-14,-11,-15,1,-3,4,-4,1,4,2,-2,10,-1,-17,1,0,3,4,-2,6,IND,PHI,2019-01-18
0.0,-2,-3,-7,0,-1,1,-2,-4,-6,-1,3,-2,1,-1,-1,-2,-1,-6,-1,-3,-13,-6,-1,3,-5,-2,1,LAC,ATL,2019-01-29
0.0,8,-1,-4,-3,-9,-6,2,-6,-4,-7,3,-3,2,-5,1,1,-1,-6,5,-3,17,4,1,-5,0,0,9,BOS,LAC,2019-02-10
1.0,16,7,1,-1,-9,-6,4,-5,-1,-4,2,0,0,-10,8,6,3,20,14,10,4,12,0,0,-1,0,17,BOS,PHI,2018-12-25
0.0,-3,-3,4,3,-7,-1,-3,5,2,6,-5,-6,5,7,16,2,5,-8,-2,-4,13,-2,-1,-6,6,1,-9,CHA,OKC,2018-11-01
0.0,-4,0,-8,-5,4,4,0,9,9,-2,-2,-1,0,4,-6,0,-2,-2,-1,-1,-17,13,0,-1,9,0,-14,MIA,CHA,2018-10-21
0.0,-4,-11,5,6,7,10,-1,-5,-6,-6,-4,-4,0,2,-5,-3,-3,-32,-13,-16,-3,-11,0,-8,4,0,-3,NYK,IND,2018-11-01
0.0,2,-9,27,9,11,8,2,-7,-5,-3,1,-2,-4,0,-2,1,-3,-10,-8,-5,11,18,0,-6,7,1,1,UTA,GSW,2018-10-20
1.0,10,17,-6,-3,-6,-7,1,2,3,8,2,3,6,-7,15,3,4,32,11,16,19,8,0,1,-5,-1,14,MIA,CLE,2018-12-29
0.0,-2,-6,4,0,10,5,5,1,6,2,0,-2,-8,5,-18,-11,-7,-8,-4,-4,-5,15,0,4,1,0,-2,DAL,SAC,2018-12-17
1.0,-7,-3,5,0,11,9,-7,-4,-11,4,6,5,-2,-8,18,4,4,-10,-11,-5,-4,4,2,-5,3,0,13,TOR,ATL,2019-01-09
1.0,-22,-2,2,3,4,3,0,19,19,8,-8,5,4,19,-5,-2,-2,8,-2,4,6,1,1,3,0,0,-24,BKN,NYK,2018-10-19
0.0,0,-10,0,-2,9,5,3,-6,-3,-12,4,-6,-2,3,-11,-3,-5,-10,2,-5,-16,6,-1,5,11,0,-19,UTA,PHI,2018-12-28
1.0,15,4,-3,-4,2,2,3,-7,-4,8,6,3,-2,-15,10,6,5,24,20,12,15,-9,-3,3,-1,1,12,OKC,LAC,2018-12-16
0.0,3,-7,19,1,-11,-4,4,-3,1,0,-4,1,5,8,-10,-5,-2,-4,-6,-2,-35,-17,-1,2,-4,0,-20,PHX,SAC,2018-12-05
0.0,16,4,3,-7,-15,-12,2,-3,-1,3,6,-2,3,-3,2,9,4,30,20,15,-20,7,0,7,-2,0,8,IND,SAS,2018-11-24
0.0,-6,-2,-5,-2,-6,-4,-2,0,-2,-5,0,6,6,6,10,4,4,10,10,5,-7,10,0,-10,-4,-1,0,MIA,PHI,2018-11-13
0.0,3,8,3,-5,-13,-12,-2,7,5,2,-1,1,9,5,-12,-1,-5,14,2,7,1,15,1,5,7,0,1,MEM,SAS,2019-02-13
1.0,5,6,-3,0,-2,-1,0,-7,-7,6,5,-3,2,-6,-10,6,-1,8,10,4,14,9,0,7,3,0,7,BOS,WAS,2019-03-02
1.0,-9,-3,8,0,8,9,1,6,7,-2,-1,11,-2,2,5,1,1,-6,-10,-3,-5,23,2,-8,-4,0,4,DAL,NOP,2018-12-27
0.0,0,1,4,0,-11,-7,-8,-10,-18,1,1,3,5,-5,11,13,5,2,5,1,-6,5,0,-9,-3,0,10,SAC,GSW,2018-12-15
1.0,-4,0,18,9,6,3,3,0,3,-6,-4,-1,0,2,-4,-8,-2,-14,-15,-7,22,-7,0,2,-4,2,-10,HOU,IND,2018-11-12
1.0,2,-2,-4,-1,9,10,2,-1,1,-3,0,-2,-6,-5,0,-4,0,0,2,0,-3,29,1,-4,-2,-1,0,LAC,MEM,2018-11-23
0.0,-2,0,13,0,-12,-3,-8,0,-8,-4,2,3,7,-3,-6,-3,-3,-8,-16,-4,-8,-5,0,-21,-5,0,4,TOR,DEN,2018-12-04
0.0,8,-3,2,2,-6,-6,1,-15,-14,9,-2,-4,1,-5,-29,-10,-10,-8,1,-4,-16,18,0,0,3,1,-2,ORL,MIL,2019-01-20
1.0,5,10,-2,5,2,2,3,7,10,4,-2,1,-5,-3,12,2,4,-6,0,-3,30,12,0,-3,1,1,-2,POR,UTA,2019-01-31
1.0,17,7,24,10,-12,-8,6,-1,5,7,8,4,9,-9,8,2,2,2,-3,1,20,-9,0,3,-5,2,12,HOU,DAL,2019-02-12
1.0,-4,-4,18,4,4,7,0,2,2,-6,-3,3,-1,1,2,0,0,-14,-15,-7,-13,-16,2,6,-3,1,-7,HOU,MIA,2019-03-01
0.0,7,-5,21,3,-4,-1,3,-6,-3,6,2,2,2,1,-7,-7,-5,-2,-7,-1,-2,7,0,7,4,1,-2,ORL,SAC,2018-10-30
1.0,18,1,-1,3,-1,1,7,-10,-3,-11,-1,-3,-2,-12,-6,-6,-3,-4,11,-2,-10,-5,0,11,-4,0,9,MEM,PHI,2018-11-11
1.0,1,9,-13,-4,11,5,-1,5,4,-1,8,-3,-5,-4,14,2,5,28,21,14,18,-9,-1,-2,0,0,3,NOP,MEM,2019-01-08
0.0,-1,-11,-12,-5,8,9,9,0,9,-20,-5,-4,6,8,-5,-1,-5,-2,11,-1,-18,2,-2,11,4,0,-19,LAC,GSW,2019-01-19
0.0,11,-6,23,4,-8,-8,10,-3,7,-4,0,-1,0,2,-7,-2,-3,-12,-2,-6,-14,5,1,9,2,0,-9,MIA,CHI,2019-01-31
1.0,-23,-4,-7,-5,18,15,-14,-2,-16,-4,2,1,-6,-4,18,15,6,-14,-24,-7,-10,-5,1,-10,0,0,3,GSW,MIA,2019-02-11
1.0,-2,1,8,6,2,-2,3,6,9,6,-2,6,-3,6,-2,-6,-2,0,1,0,-9,-24,1,5,2,-1,-6,UTA,LAC,2019-02-28
1.0,-9,1,16,13,-3,1,-4,1,-3,6,1,0,2,1,6,4,5,-16,-19,-8,13,25,0,-8,-5,0,-4,TOR,IND,2019-01-07
0.0,4,2,5,6,-13,-12,2,-1,1,12,-6,-2,7,3,-4,-3,-1,-4,-3,-2,10,7,0,3,0,0,-1,CHI,IND,2018-11-03
1.0,2,-1,-5,0,6,9,3,3,6,3,-1,4,2,-1,-17,-7,-6,-14,-14,-7,9,-22,0,6,-2,-3,13,GSW,ATL,2018-11-14
1.0,8,14,-11,-2,-6,2,-1,15,14,8,6,2,5,-1,24,8,9,32,19,16,28,-21,-2,6,0,0,8,DEN,PHX,2018-10-21
0.0,-11,-11,-4,-6,2,-3,0,-3,-3,-12,-8,3,-1,8,-11,-6,-3,-4,1,-2,-33,17,1,-11,6,0,-17,ATL,SAC,2018-11-01
1.0,3,1,6,0,0,2,-1,2,1,13,-1,2,-11,-4,-9,-5,-5,4,-2,2,2,0,1,7,1,0,4,WAS,CHA,2018-12-30
1.0,7,7,6,-3,-3,-1,1,-2,-1,8,2,6,3,-4,5,-2,2,24,9,12,14,-5,-2,2,-5,-2,14,MEM,SAS,2019-01-10
1.0,7,11,14,7,-19,-17,-6,0,-6,4,2,7,4,-7,4,4,1,16,1,8,16,-1,-1,-9,-8,1,10,TOR,CLE,2018-10-17
0.0,1,-2,10,3,-4,-3,-5,-10,-15,-1,6,4,-2,-6,30,10,10,-10,-5,-5,-8,-16,2,-4,1,0,14,WAS,TOR,2018-10-20
1.0,-3,3,-3,4,3,0,0,4,4,15,2,2,-2,2,23,4,8,-6,-10,-3,13,9,1,-3,-1,-1,-8,GSW,NOP,2018-11-01
1.0,-4,-1,2,2,-3,3,4,10,14,6,-9,1,1,10,-3,-1,0,-6,1,-3,16,2,0,-1,-3,0,-7,DEN,SAS,2018-12-29
0.0,0,-5,10,5,0,2,5,3,8,-8,-5,-8,1,6,-8,-2,-4,-28,-8,-14,-7,16,0,9,-3,-1,-18,DET,MIL,2018-12-18
1.0,22,10,1,-3,-8,-2,15,4,19,0,0,1,4,0,-9,-2,-4,22,13,11,16,33,0,17,1,-1,-1,MIN,CHI,2018-11-25
1.0,-9,8,-9,0,5,1,-3,13,10,7,-1,10,0,5,2,3,1,6,-9,3,4,-6,-1,-3,5,0,-14,MIN,CHA,2018-12-06
1.0,8,14,21,8,-9,-9,6,4,10,23,-2,9,2,-1,12,11,5,2,-9,1,30,-21,0,8,-2,0,4,GSW,NYK,2019-01-09
1.0,3,5,-10,1,1,3,0,4,4,-2,1,4,0,-2,3,-4,0,-12,-6,-6,18,7,-1,13,4,0,9,SAS,OKC,2019-03-03
1.0,-4,19,-17,-4,8,3,-9,8,-1,8,4,-1,-5,-9,7,-2,2,28,6,14,37,22,-1,-11,1,0,20,IND,DET,2018-12-29
0.0,-3,-10,3,1,-3,-4,-6,-9,-15,-4,3,-9,2,2,0,1,-1,-16,2,-8,-13,12,0,-1,3,-1,-5,CLE,PHI,2018-12-16
0.0,-3,1,-8,-5,-7,-5,-5,-2,-7,0,0,3,3,1,8,-2,3,14,5,7,-5,-6,0,-10,-1,0,-7,MEM,UTA,2018-11-13
0.0,-3,-3,18,1,8,3,1,2,3,9,-2,3,-8,3,6,4,3,8,-4,4,-6,-11,-1,2,2,0,3,MIL,PHX,2018-11-24
0.0,13,0,30,9,-29,-15,2,-5,-3,-4,-1,2,4,-1,3,4,1,-20,-12,-10,-6,-5,3,2,-8,1,0,ORL,DEN,2018-12-06
0.0,4,-6,-6,-8,5,2,1,-14,-13,-1,1,1,-8,-6,-4,-1,-1,4,7,2,-24,8,1,9,6,-1,5,NYK,OKC,2019-01-21
0.0,1,-3,6,-5,-5,-5,-2,-1,-3,5,-3,-2,-3,2,-15,-7,-5,6,-3,3,-21,8,1,7,5,1,-9,MIA,OKC,2019-02-02
0.0,7,2,-3,0,-16,-13,2,-5,-3,4,3,-9,14,-3,-9,-6,-3,-2,4,-1,3,35,0,5,-11,0,4,CLE,BKN,2019-02-14
0.0,3,-2,0,-1,-6,-6,-3,-8,-11,-1,0,-2,6,-2,1,3,-1,-8,5,-4,1,-13,0,-3,4,0,-7,LAL,MIL,2019-03-02
1.0,-7,3,-6,0,0,0,4,9,13,3,-7,-3,-2,9,-4,-2,-1,16,10,8,21,8,0,-4,-5,-1,-11,POR,BOS,2018-11-12
1.0,-10,1,5,5,-2,-2,-8,-1,-9,-4,4,5,4,-6,8,5,4,-6,-14,-3,-2,18,0,-15,-4,1,7,NYK,NOP,2018-11-24
0.0,10,-10,-5,-1,3,7,5,-8,-3,-8,4,-5,2,-4,10,1,3,-18,9,-9,-10,-19,0,-3,-1,1,-8,CHI,MIA,2019-01-20
0.0,14,-2,-11,-7,-4,-2,1,-12,-11,-5,-4,-2,4,-2,-2,6,-1,18,21,9,-19,-6,0,2,7,-2,-2,TOR,MIL,2019-02-01
1.0,7,4,4,7,-3,1,3,-5,-2,4,-3,1,1,-1,17,8,5,-10,-1,-5,16,-4,-1,6,-3,-3,8,DEN,MIA,2019-02-12
0.0,4,5,12,1,-23,-18,-2,-1,-3,3,1,3,4,4,13,5,5,2,-2,1,-5,23,0,-4,-7,-1,-1,ATL,CHI,2019-03-02
1.0,11,13,-3,-3,-4,-7,4,7,11,9,3,3,3,-7,12,6,6,40,18,20,25,4,1,5,-2,0,20,SAC,ORL,2019-01-08
1.0,1,9,1,5,-6,-3,7,20,27,10,-2,1,0,9,4,1,2,4,-1,2,25,11,-1,8,-10,1,-12,CHA,PHX,2019-01-19
1.0,-4,20,-7,6,5,4,-1,19,18,8,1,3,-2,-2,7,5,3,14,-1,7,45,45,3,-1,-3,0,14,DAL,UTA,2018-11-15
1.0,6,9,11,8,5,3,1,3,4,11,4,2,-4,-9,5,8,2,-2,-5,-1,25,8,-2,-6,1,1,6,BOS,CHI,2018-11-15
0.0,10,-1,-7,-4,-3,-3,6,4,10,-9,-8,-6,-5,2,-15,-7,-5,-4,9,-2,-11,-19,0,2,5,0,-6,PHX,TOR,2018-11-03
1.0,-3,0,11,7,9,4,8,4,12,5,-1,7,-3,3,-2,3,0,2,-2,1,18,-24,0,0,-6,0,-6,MIL,NYK,2018-10-23
1.0,4,9,-16,-2,-4,-6,2,8,10,7,-6,5,1,0,17,8,7,6,8,3,23,-1,0,13,7,0,9,SAC,DET,2019-01-11
0.0,-14,-8,-17,-11,19,8,-6,-2,-8,-21,-7,-2,-8,4,-14,-6,-5,12,3,6,-34,25,0,-3,7,-1,-11,LAL,GSW,2019-01-22
0.0,4,-1,-9,-9,-14,-14,-2,-8,-10,-2,2,1,1,-3,3,2,1,-4,-6,-2,-25,-28,0,4,-7,-1,-7,ORL,LAC,2018-11-02
0.0,1,-2,-20,-12,-5,-6,6,-1,5,-9,-4,-5,4,6,-1,-2,1,-8,4,-4,-7,1,0,10,1,0,-8,CLE,ATL,2018-10-21
0.0,15,7,-6,-7,-12,-11,2,-5,-3,-2,5,2,1,-8,18,3,6,26,21,13,-25,-14,0,9,-6,0,17,PHX,DEN,2018-12-30
1.0,-4,1,-8,-1,3,7,4,8,12,-3,-10,4,-3,8,-10,-6,-5,6,7,3,11,9,-1,8,-1,1,-15,ATL,WAS,2018-12-19
1.0,9,8,0,0,-16,-15,10,9,19,-3,-1,-5,9,5,11,7,5,6,5,3,9,9,-1,0,-5,0,4,BKN,TOR,2018-12-08
1.0,-5,8,-1,-4,-7,-2,-6,7,1,4,-2,2,-1,2,15,10,7,22,-3,11,24,-29,1,-1,1,2,4,TOR,MIA,2018-11-25
1.0,1,8,0,-1,-6,-2,-3,6,3,7,-1,-1,0,2,2,0,2,22,11,11,-8,5,0,-6,2,-1,4,UTA,ORL,2019-01-10
1.0,17,9,16,6,-19,-10,0,-1,-1,2,0,2,5,-4,-6,-4,-3,2,-5,1,19,-59,0,9,-2,0,8,MIL,BKN,2018-12-29
1.0,6,10,-11,-4,7,11,5,15,20,17,5,3,-3,-4,-3,3,1,30,16,15,35,-15,1,8,4,0,8,MIN,SAC,2018-12-18
1.0,-6,0,19,5,1,1,-3,5,2,3,-1,0,1,3,6,6,3,16,1,8,4,-19,1,-12,-2,0,1,MIL,SAS,2018-11-25
1.0,1,13,3,1,0,1,-7,6,-1,11,4,1,1,-7,19,6,8,22,-1,11,28,24,0,-13,4,-1,8,BOS,NYK,2018-12-07
1.0,1,10,0,5,-10,-8,-6,-1,-7,3,4,-1,1,-6,-7,-2,-4,-4,-3,-2,24,39,2,-7,-2,1,1,WAS,PHI,2019-01-10
0.0,-18,-8,6,2,9,7,-4,4,0,-5,-7,0,-1,10,-8,-5,-5,-8,-14,-4,-12,28,0,1,-4,0,-24,MIA,IND,2019-02-03
1.0,-4,4,-1,3,16,11,-4,3,-1,-2,2,-5,-10,-4,1,-2,-1,6,7,3,19,29,-1,1,0,-1,20,POR,GSW,2019-02-14
1.0,0,7,-10,-3,-4,-7,-1,1,0,2,7,-3,1,-2,-5,-3,-1,8,4,4,-4,6,0,3,-6,0,10,UTA,MIL,2019-03-03
1.0,-1,5,-7,1,-4,-6,-2,4,2,2,7,-1,8,-3,11,4,4,10,9,5,8,13,0,-3,-2,1,-2,SAC,SAS,2018-11-13
1.0,-6,3,0,3,1,-2,-2,8,6,-12,-1,2,-1,4,6,3,2,6,-5,3,8,-19,0,-5,2,1,-13,LAL,UTA,2018-11-24
1.0,12,3,-6,-3,8,8,6,-2,4,-1,5,-2,-10,-10,16,2,5,20,20,10,6,23,-2,5,-1,0,15,TOR,PHI,2018-12-06
1.0,-8,1,-8,-2,5,10,-3,6,3,-3,2,-4,0,3,12,9,5,8,5,4,12,-18,-2,-13,-1,1,-2,MIL,DAL,2019-01-21
0.0,1,-5,22,7,-14,-7,-4,-5,-9,-1,1,0,3,2,0,0,-1,-26,-14,-13,14,-63,0,1,-6,-1,-5,DET,LAC,2019-02-02
0.0,22,-2,6,1,-16,-12,8,-12,-4,-6,0,-3,3,-3,0,-1,0,-8,11,-4,-23,45,0,3,0,0,4,NYK,PHI,2019-02-14
1.0,2,13,-8,5,0,-2,4,17,21,16,-1,3,5,0,-4,1,-1,6,5,3,31,10,-1,0,-4,0,10,MIA,BKN,2019-03-03
1.0,18,14,-8,2,-13,-5,5,2,7,14,5,1,4,-8,14,10,5,6,9,3,26,11,0,5,-3,1,9,IND,CHA,2019-01-20
0.0,12,4,17,3,-9,-14,5,-10,-5,-2,4,4,3,-8,3,2,0,10,-3,5,-9,14,0,4,-4,2,4,LAC,LAL,2019-02-01
1.0,-6,1,5,-1,2,5,4,8,12,-7,-3,5,-2,3,11,3,4,-8,-17,-4,-12,-32,0,1,-2,1,-1,GSW,ORL,2018-11-27
1.0,13,6,-1,-2,-5,4,6,4,10,2,4,-3,5,-4,-1,-4,1,18,16,9,27,-15,0,12,0,0,-1,DEN,SAC,2018-10-24
1.0,-1,22,-3,0,-15,-16,6,23,29,13,-9,4,6,13,14,10,7,44,3,22,32,26,0,8,-1,-3,5,IND,MEM,2018-10-17
0.0,18,-1,14,-2,-3,0,7,-7,0,0,1,-6,-1,-6,2,0,0,2,9,1,-10,-25,0,3,-4,0,6,POR,LAL,2018-11-04
1.0,11,3,29,12,4,3,2,-5,-3,2,6,-1,-3,-11,3,5,0,0,4,0,25,-8,0,13,2,2,22,HOU,GSW,2018-11-16
0.0,-9,0,-14,0,-8,-4,-5,9,4,5,-10,-3,-2,6,0,1,-1,-2,0,-1,1,36,0,-3,-7,0,-10,NYK,HOU,2019-01-24
0.0,-2,-1,-1,-5,3,4,5,5,10,-2,-3,4,2,4,14,5,5,14,4,7,-7,-3,0,5,-6,-2,-9,MIL,MEM,2018-11-15
1.0,10,17,4,0,-2,-2,9,15,24,7,-7,5,-3,2,7,4,2,30,8,15,30,11,0,19,-1,-2,6,CHA,CLE,2018-11-03
0.0,-2,-2,4,-1,-3,-3,3,4,7,0,-4,4,0,5,7,3,3,2,8,1,-11,2,0,1,-5,-1,-9,UTA,MEM,2018-10-23
1.0,-11,1,-8,-2,10,8,-13,-1,-14,5,5,1,-5,-6,12,4,3,-2,-15,-1,10,19,0,0,2,0,7,IND,ATL,2018-12-31
1.0,1,2,25,16,-2,-2,4,6,10,2,0,0,6,4,0,-3,-1,-24,-19,-12,20,0,0,10,-1,2,-1,HOU,WAS,2018-12-20
1.0,-4,4,6,6,-5,-6,-2,5,3,5,-2,7,7,3,14,-1,4,2,0,1,2,11,0,-8,-2,0,3,ATL,DEN,2018-12-09
0.0,-6,-10,13,2,5,3,-3,-7,-10,-8,0,4,3,2,-6,3,-2,-10,-11,-5,-20,-1,0,1,6,1,0,NYK,IND,2019-01-12
1.0,-10,5,-2,0,0,-2,-5,12,7,2,1,2,-1,4,0,0,1,12,-3,6,-1,-9,0,-2,0,1,-19,DAL,LAC,2019-01-23
1.0,0,-1,-10,-10,11,15,6,8,14,-6,2,1,-7,1,-2,-3,-2,10,1,5,6,28,0,10,-3,0,7,LAC,HOU,2018-10-22
1.0,-7,1,-7,-1,1,1,-8,2,-6,0,1,2,-1,2,-4,-2,-1,10,-1,5,10,-20,0,-5,0,-2,-8,ORL,DET,2018-12-30
1.0,7,6,2,0,-3,-1,9,7,16,0,-4,-1,-4,5,2,1,1,18,12,9,6,-22,1,9,-1,-1,-5,CHA,CLE,2018-12-20
0.0,1,-1,10,-1,-4,-1,0,0,0,-5,-5,-2,0,7,3,6,2,6,-5,3,-1,-42,0,-4,-3,0,-15,NOP,MEM,2018-12-08
0.0,7,4,13,3,-24,-15,5,5,10,3,-7,0,11,8,-2,1,0,10,7,5,5,13,0,0,-8,0,-5,POR,LAC,2018-11-26
1.0,7,10,5,6,-9,-10,1,13,14,13,2,-4,8,-2,1,-4,2,16,9,8,22,37,0,2,-4,0,8,MIA,BOS,2019-01-11
1.0,-4,7,9,7,-2,5,6,15,21,4,-2,5,1,7,-3,2,-2,4,-11,2,22,32,2,14,-11,-1,-10,DET,DEN,2019-02-05
1.0,-5,0,13,9,-10,-7,-6,3,-3,9,-5,8,2,2,-1,-9,-4,-18,-20,-9,-4,-35,1,1,-3,0,-11,GSW,SAC,2019-02-22
1.0,-2,17,-4,5,-3,0,-2,14,12,9,4,-2,4,0,-1,-2,0,34,12,17,41,37,0,-2,-2,-1,5,BKN,DAL,2019-03-05
1.0,6,1,6,5,9,10,4,-3,1,-1,4,1,-4,-6,15,4,4,-12,-4,-6,24,-4,0,2,-1,0,14,GSW,MEM,2018-12-18
1.0,-15,-6,0,5,12,13,-7,0,-7,-4,2,-3,-8,0,-7,-4,-3,-16,-10,-8,11,19,0,-12,3,1,2,CHA,DEN,2018-12-08
1.0,11,1,16,8,4,1,3,-4,-1,8,3,-6,-3,-5,-4,-5,-1,-8,-4,-4,9,15,-2,3,8,1,8,DET,PHX,2018-11-25
0.0,12,2,0,-2,-8,-8,-6,-10,-16,10,9,0,5,-14,21,14,9,8,4,4,-2,-13,1,-15,0,0,20,PHX,ATL,2019-02-03
0.0,7,-5,7,-2,-7,-3,-1,-10,-11,-2,-1,-5,2,-2,5,3,3,14,15,7,-17,-8,0,-4,-5,0,3,ATL,NYK,2019-02-15
0.0,3,5,-15,-13,-7,-2,-2,-2,-4,-5,-4,0,2,1,5,-1,1,16,2,8,-15,9,-1,8,-3,0,9,CHI,ATL,2019-03-03
0.0,14,-6,9,0,-9,-8,3,-18,-15,2,2,-6,2,-8,4,1,2,-6,6,-3,-14,-17,0,-7,-2,1,-1,MEM,NOP,2019-01-21
0.0,2,-2,-6,-7,2,-5,6,-6,0,-2,-4,2,0,1,4,2,2,-4,-3,-2,-27,11,0,8,3,-1,-3,WAS,MIL,2019-02-03
0.0,7,-10,22,3,6,6,3,-12,-9,0,2,-3,-3,-6,-4,1,-1,-20,-12,-10,-15,-6,0,7,4,-1,14,DAL,MIA,2019-02-14
0.0,16,1,-4,-8,-7,-2,7,-3,4,2,4,0,5,-2,-21,-7,-8,8,15,4,9,-3,-1,1,-2,2,4,MEM,TOR,2018-11-28
1.0,1,0,0,-1,8,6,-1,11,10,12,-5,-1,-6,2,-1,3,-1,14,8,7,-13,-9,0,4,9,0,-4,NOP,NYK,2018-11-17
0.0,-1,-1,-19,-7,14,5,2,-2,0,-6,-1,-3,-9,-1,0,1,0,8,15,4,-1,11,0,13,7,0,4,IND,HOU,2018-11-06
0.0,-16,-8,3,0,-2,-2,-2,3,1,-7,-9,-1,4,11,-10,-15,-6,-6,-9,-3,-21,-7,1,-11,-3,1,-17,PHX,LAL,2018-10-25
0.0,-19,-10,-7,-4,9,12,-10,2,-8,-7,-4,3,-5,8,4,0,1,-12,-16,-6,-17,-19,0,-7,-4,-3,-14,PHI,TOR,2019-02-06
1.0,-8,5,-3,1,-5,-4,-2,5,3,5,-3,2,0,5,6,-2,4,-2,-12,-1,3,3,0,-3,-1,-1,4,BOS,TOR,2018-11-17
1.0,-10,-3,-1,1,23,18,0,-4,-4,2,7,6,-10,-5,0,2,0,-2,-7,-1,15,-34,-1,-1,-4,-2,3,WAS,NYK,2018-11-04
1.0,-9,6,-4,1,14,10,-6,12,6,4,2,2,-8,1,7,2,2,12,1,6,19,-23,0,-10,3,0,7,MIA,NYK,2018-10-24
1.0,2,2,7,1,5,2,1,9,10,8,3,3,-2,0,-2,-1,-1,2,-2,1,-1,24,0,6,11,0,0,DEN,NYK,2019-01-02
1.0,9,9,7,0,-4,-2,2,2,4,1,4,0,0,-3,-6,3,-1,18,9,9,16,-22,1,-5,6,1,6,TOR,CLE,2018-12-22
1.0,-6,-2,6,3,-4,3,-1,5,4,2,-5,2,2,7,-9,-10,-2,-4,-6,-2,-3,4,-1,-4,-5,0,-12,ORL,BOS,2019-01-13
0.0,4,-3,1,-3,-7,-2,1,0,1,2,0,1,6,1,1,1,1,10,6,5,-8,-17,0,0,-1,1,1,MEM,CHA,2019-01-24
0.0,10,5,11,-1,-12,-10,3,2,5,1,-4,3,3,6,34,17,14,24,9,12,-12,0,0,11,4,0,-2,LAL,SAS,2018-10-23
0.0,-12,-7,-19,-7,7,13,-6,-2,-8,-6,0,-1,-4,1,0,3,1,6,4,3,-12,-10,-1,-10,-5,-1,-5,CHI,HOU,2018-11-04
1.0,3,2,-8,3,-2,2,-1,4,3,-3,1,-4,0,-1,-7,-6,-2,0,12,0,3,-13,0,-6,-4,0,-3,SAS,BOS,2019-01-01
1.0,-2,-1,11,6,4,1,0,4,4,12,-3,-3,-5,4,-13,-3,-6,0,3,0,5,22,0,0,6,0,-6,UTA,GSW,2018-12-20
0.0,-12,-19,-19,-16,-1,-2,-5,-12,-17,-18,-7,-2,3,8,-5,-10,-3,-4,3,-2,-58,-12,0,-13,5,2,-21,CHI,BOS,2018-12-09
0.0,5,3,-14,-3,-11,-7,6,4,10,2,-2,3,4,6,7,6,5,4,11,2,-7,-11,1,9,0,0,-12,MIN,DAL,2019-01-12
1.0,-1,7,-5,-1,3,7,-6,5,-1,5,8,1,2,-6,19,8,5,14,1,7,16,30,0,-11,-7,-1,7,BOS,CLE,2019-01-24
0.0,-19,-8,4,-4,8,10,-14,-7,-21,-13,-4,0,-5,2,-16,-12,-6,-4,-28,-2,-17,9,-2,-11,2,0,2,DAL,DEN,2019-02-23
0.0,4,-1,-2,-6,-2,-4,7,-3,4,-6,-10,-1,-8,4,-16,-4,-8,0,-6,0,-19,-17,1,14,1,-1,-22,TOR,HOU,2019-03-06
1.0,-12,-3,1,5,1,3,2,8,10,4,-7,1,-4,12,-27,-18,-11,-2,-1,-1,4,-2,0,3,5,1,-11,DAL,OKC,2018-12-31
0.0,-11,-3,12,4,-8,-6,-12,-7,-19,3,5,9,-2,-1,13,8,6,-10,-22,-5,-1,1,0,-7,-9,0,11,BOS,PHX,2018-12-20
1.0,-8,4,-19,-7,5,3,-9,-1,-10,7,-1,2,-2,-6,-1,1,1,6,-4,3,-10,36,2,-4,-4,-2,-2,WAS,HOU,2018-11-27
0.0,3,-4,-7,-12,16,10,9,2,11,-14,3,-3,1,1,6,-3,3,24,22,12,-10,-11,0,8,2,0,14,MIL,GSW,2018-12-08
0.0,-1,-2,10,-1,0,3,5,7,12,1,1,1,2,7,-6,4,-1,10,3,5,0,-5,-1,3,-8,1,-8,NOP,IND,2019-02-05
1.0,0,1,5,6,5,7,-1,-2,-3,3,5,0,-1,-6,-11,-6,-6,-14,-8,-7,-5,2,1,5,0,0,16,IND,NOP,2019-02-23
1.0,-4,6,-20,-5,0,2,-1,0,-1,5,2,8,-2,-1,-6,-3,-1,6,-1,3,-7,-1,1,1,-5,0,-2,PHX,MIL,2019-03-05
0.0,-17,-9,14,3,4,3,-4,0,-4,-5,-4,2,-4,8,6,5,3,-12,-16,-6,-8,21,0,-13,-1,-1,-9,NYK,MEM,2019-02-03
1.0,-12,-8,4,1,23,19,5,6,11,-4,-6,0,-15,6,7,2,2,-14,-5,-7,6,-29,0,-8,3,0,-14,PHI,MIA,2019-02-22
1.0,-10,3,-6,-2,5,1,-10,6,-4,3,2,0,-4,0,0,-4,1,12,2,6,2,7,0,-11,9,2,-2,DET,TOR,2019-03-03
1.0,4,9,-11,-3,-19,-7,1,12,13,7,-5,1,8,7,3,2,0,24,11,12,11,-7,0,1,-6,-1,-5,GSW,OKC,2018-10-17
1.0,-5,2,-1,4,7,11,5,13,18,-2,-4,0,-2,7,1,-3,0,4,5,2,23,2,0,0,-5,1,-9,DAL,WAS,2018-11-07
1.0,-21,0,12,9,12,11,-7,9,2,4,-1,7,-1,8,3,-6,-1,-14,-26,-7,23,-26,0,-15,0,0,-7,HOU,SAC,2018-11-18
1.0,0,5,-3,-2,12,13,5,21,26,-2,-2,3,-2,4,18,3,6,24,5,12,22,-13,-1,19,8,0,1,NOP,WAS,2018-11-29
1.0,-11,0,4,3,14,4,6,12,18,3,-7,4,-4,11,1,0,0,-2,-2,-1,11,-34,0,1,13,0,-5,DET,CLE,2018-10-25
1.0,9,4,-2,1,1,-3,-2,-2,-4,-1,7,-2,-3,-8,9,8,5,10,11,5,9,-3,0,1,5,-1,16,OKC,NOP,2018-11-06
0.0,6,3,-4,-1,-11,-8,0,-4,-4,0,1,-3,5,-2,2,2,0,4,6,2,-11,3,0,-4,-2,0,-9,CHA,PHI,2018-11-18
1.0,-10,6,-24,-7,15,9,-11,1,-10,0,4,-3,-4,-5,4,2,1,24,9,12,9,1,-1,-11,4,0,8,CHA,ATL,2018-11-29
0.0,-5,0,-22,-12,-1,5,1,1,2,-2,-5,2,5,4,12,3,5,18,14,9,-9,3,-1,-3,-5,-2,2,MEM,DET,2019-01-03
1.0,-1,3,-18,-1,1,2,3,4,7,5,-1,1,0,1,-11,-6,-4,0,6,0,-5,30,0,7,-2,0,-3,ORL,HOU,2019-01-13
0.0,6,0,7,1,-12,-7,-2,-3,-5,4,2,-2,3,-1,-1,2,0,-8,-1,-4,-10,-17,0,-1,-6,0,5,CLE,MIA,2019-01-26
0.0,10,-3,17,8,-13,-12,-1,-12,-13,12,-5,-5,6,-1,3,4,2,-14,-4,-7,-15,-5,0,-8,1,2,3,POR,MIA,2019-02-06
0.0,9,1,11,1,-14,-14,1,-13,-12,-5,5,0,2,-3,-5,-1,-2,-12,-3,-6,-12,-1,0,-2,-4,1,11,HOU,UTA,2018-10-25
1.0,-7,9,-2,0,11,12,4,24,28,-3,-2,-3,-1,5,-1,-4,-1,12,4,6,34,21,1,9,-3,1,-3,POR,MIN,2018-11-05
0.0,-3,-1,-15,-6,-4,-3,-1,1,0,-1,-3,1,-1,2,-11,-5,-4,8,6,4,-13,-25,1,2,-7,-1,-11,WAS,BKN,2018-11-17
0.0,-5,-12,-13,-12,1,-2,0,-11,-11,-8,-5,-1,6,4,-4,0,-2,-4,1,-2,-43,-11,0,-1,-3,-2,-4,CHA,DAL,2019-01-03
0.0,11,-6,-6,-6,8,5,-2,-17,-19,-4,10,-3,-14,-15,7,8,4,-4,9,-2,-17,3,2,2,1,-1,23,BOS,MIL,2018-12-22
1.0,4,-2,16,6,14,12,6,-4,2,4,4,0,-5,-2,3,3,2,-10,-10,-5,16,30,0,16,0,1,4,PHI,DET,2018-12-11
1.0,4,4,-5,-2,3,3,1,-2,-1,4,4,3,0,-6,-4,-1,-2,16,9,8,17,24,0,5,-7,-2,17,PHX,DEN,2019-01-13
0.0,7,-6,22,8,0,-4,1,-15,-14,-5,2,-4,1,-5,8,0,3,-22,-9,-11,-10,-14,-1,0,9,0,3,WAS,GSW,2019-01-25
1.0,6,1,-1,-2,3,1,3,-2,1,-1,-3,-2,-3,-2,-5,-3,-2,18,14,9,-7,-10,0,-3,2,0,4,CHI,PHI,2019-03-07
0.0,1,-9,-2,-5,-2,0,0,-6,-6,-11,0,-5,5,-2,-9,-5,-4,0,4,0,-28,-19,0,4,2,1,2,PHX,GSW,2019-01-01
1.0,11,7,-15,-9,4,-3,12,8,20,2,0,1,-5,1,-2,3,1,32,20,16,-5,15,0,19,7,0,-7,MIA,HOU,2018-12-21
0.0,-3,-7,-10,-6,-8,-3,-1,-7,-8,-11,-4,2,2,5,-4,3,-3,-14,2,-7,-19,-6,1,-9,3,0,-4,LAC,MIA,2018-12-09
1.0,14,18,19,9,-8,-8,6,14,20,22,-3,7,6,-1,10,3,2,-4,-23,-2,44,0,-1,10,0,0,2,GSW,CHI,2019-01-12
1.0,-1,-3,-4,-1,18,15,6,3,9,-3,-1,5,-7,1,4,-1,2,2,11,1,1,-7,-1,4,4,1,-4,ATL,PHX,2019-02-24
0.0,-11,-15,1,-6,6,3,0,-1,-1,-12,-7,-3,0,10,-6,-11,-4,-12,-3,-6,-35,-36,0,0,2,1,-13,GSW,BOS,2019-03-06
0.0,-3,-15,13,-1,0,-2,6,-7,-1,-8,-3,0,0,1,-5,0,-2,-4,1,-2,-31,-23,2,0,-1,2,-9,UTA,IND,2018-11-27
0.0,6,-3,18,-3,9,7,3,-7,-4,-6,7,3,-5,-6,-1,-3,-2,-6,-11,-3,16,-24,0,0,5,0,11,CHA,LAC,2019-02-06
0.0,-7,-3,2,5,-9,-2,0,3,3,1,-5,0,3,10,13,9,6,-8,-4,-4,3,9,-2,-2,-8,0,-8,ATL,DET,2019-02-23
0.0,8,-3,9,-1,0,-1,-1,-9,-10,-3,-5,3,-1,0,2,5,3,2,5,1,-3,-17,-1,-2,0,-4,9,LAL,LAC,2019-03-05
1.0,-2,4,4,-1,6,0,-1,-1,-2,2,8,1,4,-7,14,7,5,18,5,9,2,24,0,0,-2,0,7,HOU,POR,2018-12-12
1.0,6,4,13,10,2,1,6,6,12,-1,0,-2,-3,-2,9,6,4,-6,0,-3,23,8,1,6,1,0,-6,DET,CHI,2018-12-01
1.0,10,6,17,5,-15,-6,2,12,14,10,-3,1,5,1,9,6,4,18,13,9,30,-18,4,-9,-5,1,5,DET,CLE,2018-11-20
0.0,-2,-4,1,0,-9,-5,0,6,6,-6,-3,-6,0,8,5,3,2,-8,-7,-4,-10,5,1,4,4,0,-6,MIN,MEM,2018-11-18
0.0,5,-2,4,2,-13,-7,5,2,7,7,-10,-5,3,7,1,-1,0,-4,0,-2,-14,13,0,0,-8,1,-7,CLE,OKC,2018-11-08
1.0,0,1,-17,-10,11,10,-1,-7,-8,-3,5,3,-2,-7,3,7,1,20,14,10,-5,-16,-1,11,-4,-3,10,NOP,BKN,2018-10-27
1.0,-3,1,-5,3,14,11,11,11,22,1,-11,1,-7,5,0,-4,0,-2,7,-1,17,-3,1,12,-1,-1,-4,LAC,PHX,2018-11-29
0.0,-19,-5,11,10,-4,-4,-7,8,1,6,-4,0,2,10,-8,0,-5,-28,-21,-14,-12,40,1,-6,-1,0,-8,LAC,NOP,2019-01-15
1.0,6,7,1,0,-8,-11,1,-5,-4,9,1,0,-2,-5,-4,-4,-1,10,6,5,14,-4,2,2,-4,1,7,MEM,IND,2019-01-27
1.0,-16,-1,0,1,11,11,-6,4,-2,0,-3,3,-3,1,-1,1,1,-10,-19,-5,18,10,-1,-14,-7,0,-4,ORL,MIN,2019-02-08
0.0,2,-6,11,-4,-1,-4,5,-4,1,1,0,-2,9,2,12,6,6,4,-2,2,-19,-36,0,-4,-4,1,-3,HOU,DAL,2018-11-29
1.0,-8,-4,-14,-5,21,23,0,3,3,-1,1,2,-5,-2,10,3,4,-6,3,-3,9,-1,0,4,-3,0,5,NOP,DEN,2018-11-18
1.0,-2,3,-3,4,2,6,4,12,16,-2,-4,-4,6,3,2,0,-1,-14,-13,-7,19,-7,-1,4,-5,0,-12,GSW,MEM,2018-11-06
1.0,0,0,6,4,3,3,-1,-1,-2,5,5,-2,-3,-6,4,0,0,-10,-9,-5,-1,-21,0,-6,2,1,10,LAL,DEN,2018-10-26
1.0,-2,8,-3,7,-9,-5,-1,6,5,11,-2,-6,-4,2,10,3,4,0,-4,0,26,-21,0,0,-1,1,3,SAS,TOR,2019-01-04
1.0,5,3,-11,1,1,0,5,4,9,2,3,-6,-1,-3,0,-6,1,12,15,6,15,15,0,7,-2,-1,10,MIA,MIL,2018-12-23
0.0,2,-2,13,-1,4,-1,3,-4,-1,3,-1,3,1,1,4,1,2,0,-5,0,-13,6,1,0,0,-3,0,LAL,CLE,2019-01-14
0.0,-11,-3,-13,-6,10,9,-3,-2,-5,-1,2,0,-3,-1,-7,-9,-3,10,11,5,-6,31,0,-10,0,-2,8,MEM,SAC,2019-01-26
1.0,1,8,-7,2,7,1,0,-6,-6,-1,9,-2,-3,-10,21,8,10,22,18,11,22,8,0,1,-5,1,18,MIL,WAS,2019-02-07
1.0,6,1,8,6,-6,-3,2,0,2,8,0,0,3,-2,-8,-7,-3,-8,0,-4,21,50,0,0,0,0,-5,BKN,NOP,2019-01-03
0.0,2,-12,1,-6,1,0,7,-7,0,-18,1,0,-5,-1,-12,-5,-4,-18,-9,-9,-26,-17,0,6,-3,0,-8,POR,UTA,2018-12-22
1.0,0,6,6,5,-4,-1,4,8,12,-2,-1,2,9,5,5,6,0,10,5,5,29,-18,0,0,-3,0,3,MIL,CLE,2018-12-11
0.0,-1,-3,11,4,0,-1,-5,-17,-22,2,4,-4,0,-6,6,0,2,-10,-4,-5,-24,23,0,-18,-5,-1,4,NYK,PHI,2019-01-13
0.0,-15,0,-5,-2,-11,-13,-13,-3,-16,4,-3,2,8,7,-4,-4,-1,14,2,7,-10,-4,1,-21,-1,-1,-18,LAL,MIN,2019-01-25
0.0,-2,2,-7,-2,-4,-8,-3,-1,-4,0,-4,3,-4,3,-2,-1,1,8,-4,4,-18,-3,1,-8,0,0,-10,GSW,HOU,2019-02-24
0.0,1,0,-4,0,1,-2,3,2,5,-3,-3,3,-1,-2,14,10,7,8,9,4,-1,-9,0,5,1,2,-4,SAC,BOS,2019-03-07
0.0,6,2,-8,1,-20,-17,2,-3,-1,9,-6,-2,8,5,-2,1,-1,-14,3,-7,-28,27,0,3,-4,0,-15,NYK,CHA,2018-12-10
0.0,-4,-5,10,2,-1,1,-4,-5,-9,-2,2,5,2,-1,3,1,2,-12,-9,-6,-14,4,0,-5,0,0,5,WAS,IND,2019-02-24
1.0,0,5,-8,-3,-3,2,1,9,10,3,-4,0,7,5,14,6,6,10,5,5,-3,10,0,13,-2,1,-7,WAS,DAL,2019-03-07
0.0,11,-1,-1,-3,-9,-8,7,-4,3,-5,1,-3,2,2,11,7,5,2,4,1,-14,13,0,7,2,-2,0,NYK,DET,2019-02-06
1.0,10,8,11,6,-9,-4,6,2,8,3,-1,0,0,-2,-10,-5,-5,-16,-7,-8,14,18,0,9,-1,1,3,BOS,PHI,2018-10-17
1.0,10,3,-25,-9,3,7,8,9,17,6,4,-3,0,-1,-4,-2,-2,26,35,13,5,-18,-1,0,-4,1,-4,NOP,OKC,2018-12-13
1.0,2,5,-8,2,-10,-10,-4,-6,-10,2,-6,-2,-2,0,-11,-2,-4,-10,-2,-5,-9,33,-1,3,-1,0,-5,NYK,MIL,2018-12-01
1.0,-1,-5,-6,-4,16,15,-4,-3,-7,-2,3,-5,-9,-7,-17,-6,-6,0,11,0,2,6,0,-2,4,0,7,CHA,DET,2018-12-13
1.0,11,5,5,5,-5,-10,2,-2,0,-3,6,-4,2,-6,-2,-2,0,2,2,1,30,37,0,4,3,3,-3,MIA,NOP,2018-12-01
0.0,8,5,5,2,-28,-20,1,-2,-1,5,-3,-2,16,-1,-16,-3,-3,4,1,2,5,-23,-1,-9,-6,2,-6,ATL,LAC,2018-11-20
1.0,0,3,-6,-5,5,3,1,6,7,10,-4,-1,-3,1,11,11,4,12,6,6,-2,23,0,0,0,-1,-1,LAL,MIN,2018-11-08
1.0,-19,8,-13,0,6,6,-5,21,16,3,-3,1,-3,10,-2,-1,-1,24,12,12,26,-2,0,-5,-7,0,-2,MIL,ORL,2018-10-28
0.0,-9,-9,-3,2,-2,2,-1,0,-1,-8,-1,-1,5,7,-1,-3,-1,-26,-14,-13,-13,-7,1,-3,-9,0,-5,MIN,UTA,2019-01-28
0.0,-6,-15,17,12,8,3,-1,-13,-14,-2,2,0,-6,2,-15,-8,-7,-54,-25,-27,-21,17,0,-7,4,-1,-13,DAL,MIL,2019-02-09
0.0,1,-1,-23,-8,-1,-1,-2,-2,-4,5,0,-3,-4,-1,-10,-6,-4,10,18,5,-6,-18,0,-5,-2,0,6,CHI,MIL,2019-02-26
0.0,6,-4,-4,-5,-2,1,8,2,10,1,-3,-3,4,2,10,7,5,6,17,3,-17,15,0,6,3,-1,-6,SAC,LAC,2018-11-30
0.0,10,4,2,2,-14,-20,0,-9,-9,2,0,6,5,-4,3,1,1,-4,-8,-2,-29,30,1,-2,7,1,-5,WAS,POR,2018-11-18
1.0,-1,5,0,-3,4,0,2,9,11,2,0,6,-2,1,-6,-5,-3,22,18,11,17,-38,0,-6,1,0,3,MIA,SAS,2018-11-08
0.0,7,-6,2,-1,-8,-8,5,-8,-3,-10,-3,-2,6,3,-4,-1,-2,-12,-1,-6,-25,11,0,-2,4,0,-9,NOP,UTA,2018-10-27
1.0,15,18,-1,0,-7,-4,7,16,23,10,0,5,3,-7,15,5,6,34,19,17,46,5,0,5,-1,0,3,MIL,ATL,2019-01-05
0.0,-15,-14,-3,-6,13,10,3,-2,1,-12,-7,2,-7,8,2,0,0,-24,-17,-12,-24,7,-1,-1,-1,-1,0,ORL,MIA,2018-12-23
1.0,-4,13,5,9,-25,-19,-5,9,4,14,-8,1,10,6,-30,-11,-9,14,-3,7,12,19,0,2,-5,1,-5,ATL,OKC,2019-01-16
1.0,-10,-1,-3,-1,10,12,2,9,11,2,-1,0,-4,8,7,3,2,-12,-10,-6,10,-22,0,7,0,0,4,POR,ATL,2019-01-27
1.0,13,9,20,10,-1,-6,3,-4,-1,10,8,-2,4,-13,13,9,4,6,0,3,14,4,0,4,0,0,21,OKC,MEM,2019-02-08
1.0,-1,6,-3,-1,-4,-2,2,4,6,1,4,-1,5,-2,8,6,4,4,-4,2,17,9,0,-3,-5,0,4,TOR,DAL,2018-10-26
1.0,8,8,1,10,-8,-5,3,1,4,19,3,2,3,-2,2,0,1,-8,-2,-4,23,18,0,-3,-3,1,4,BOS,DAL,2019-01-05
0.0,4,0,9,2,-4,-3,2,-9,-7,16,1,-1,-2,-4,-7,-7,-3,2,4,1,1,1,0,-2,2,0,11,UTA,OKC,2018-12-23
0.0,-10,-5,-16,-6,1,1,-5,-4,-9,-3,-3,2,1,5,1,1,0,-10,-6,-5,-7,-5,0,-16,0,-1,1,SAS,CHA,2019-01-15
1.0,18,15,6,8,3,-1,14,8,22,6,5,-6,-5,-3,2,-1,1,14,17,7,38,41,0,24,-1,-1,8,DEN,PHX,2019-01-26
0.0,-9,-6,-18,-9,2,-5,7,5,12,4,-8,-1,3,11,19,9,8,2,0,1,-35,3,0,-6,-6,-1,-10,SAC,HOU,2019-02-07
1.0,8,11,-26,-9,-9,-3,-2,4,2,10,-3,-5,-2,-2,-6,-6,-1,26,24,13,15,7,0,3,3,0,-3,MEM,UTA,2019-03-09
1.0,-5,12,-11,1,-8,-4,0,19,19,7,-3,0,7,6,8,1,5,30,10,15,26,11,-1,9,0,3,-5,LAC,DEN,2018-12-22
1.0,3,2,1,0,6,2,5,1,6,0,4,2,-2,-1,5,6,2,6,0,3,1,-15,0,6,3,1,9,DEN,MEM,2018-12-11
1.0,-2,14,13,9,-2,-10,5,13,18,10,2,-1,1,5,8,6,5,14,-5,7,28,-5,0,5,-2,1,9,DEN,LAC,2019-02-24
0.0,-11,-11,14,1,15,13,-2,-5,-7,0,0,3,-4,-1,2,-5,-1,-22,-22,-11,-2,-7,1,-12,-3,-1,3,POR,OKC,2019-03-08
1.0,-4,2,1,2,0,4,5,12,17,0,-2,-5,4,6,10,4,4,4,-2,2,18,-2,0,12,-9,0,-8,CHI,BOS,2019-02-24
1.0,2,1,6,5,2,-3,5,1,6,2,-6,2,-5,1,-8,-2,-3,-22,-22,-11,7,6,0,11,6,0,3,SAS,MIN,2018-10-18
1.0,10,-1,-3,1,0,4,9,-2,7,-7,-4,0,-3,-3,4,-1,1,-10,4,-5,1,-7,0,12,-4,1,12,DET,BKN,2018-10-17
1.0,-6,11,6,4,-3,-5,-2,9,7,0,0,7,-1,5,-2,6,0,12,-10,6,21,3,0,1,4,0,0,UTA,POR,2018-12-26
1.0,9,10,1,3,-12,-2,-3,6,3,1,5,4,2,-3,-6,0,-2,4,-1,2,28,11,-1,-2,-4,1,10,BOS,ATL,2018-12-15
1.0,-7,0,16,10,5,1,-3,2,-1,4,-1,2,-3,-1,18,9,7,-18,-16,-9,13,10,0,-8,0,1,-5,SAC,MIN,2018-12-13
1.0,-2,11,-7,0,-7,-8,-9,5,-4,0,0,1,4,-4,0,2,2,10,-2,5,14,-7,-1,-6,0,-2,10,WAS,BKN,2018-12-02
1.0,-4,4,-4,7,5,3,-4,3,-1,4,2,-4,-4,-2,-5,-5,-3,-14,-8,-7,22,10,0,-7,5,0,9,CHA,IND,2018-11-22
0.0,-1,4,-15,-7,-8,-3,3,9,12,-1,-4,-4,4,4,-6,-2,-2,6,5,3,-10,0,0,11,-4,1,6,DEN,BKN,2018-11-10
1.0,8,11,-14,-2,-4,-1,5,16,21,-1,-1,-4,1,3,7,6,3,10,8,5,16,-16,1,17,11,3,-5,NYK,BKN,2018-10-29
0.0,2,-6,-4,-6,14,9,8,-2,6,-10,1,-1,-8,-2,2,7,2,8,14,4,-9,-26,0,1,1,0,5,CHI,WAS,2019-02-10
0.0,-8,-3,-6,-1,3,2,1,10,11,2,-2,2,0,8,11,4,4,-6,-11,-3,-3,0,0,-8,-3,0,-5,CHA,HOU,2019-02-28
0.0,17,12,0,-2,-27,-25,3,-3,0,11,1,2,7,1,9,4,6,18,14,9,-4,-39,0,13,-1,-1,3,PHI,BKN,2018-12-13
0.0,11,-4,3,-1,3,0,4,-4,0,-1,-2,-3,-8,-5,2,2,1,-2,6,-1,-11,-15,0,8,0,0,10,DAL,UTA,2018-10-28
1.0,8,-1,3,2,8,11,7,5,12,-1,2,-2,-2,-1,5,1,2,-10,0,-5,11,-2,1,10,0,1,2,POR,LAC,2018-11-09
1.0,8,14,2,-2,-16,-12,-4,2,-2,12,3,5,3,-5,-6,-3,0,20,7,10,10,6,0,5,0,1,19,NOP,SAS,2018-11-20
0.0,2,-5,1,-1,-4,-3,1,-5,-4,-1,-2,-5,-1,0,6,5,1,-4,3,-2,-8,6,1,-9,-4,1,-1,PHX,ORL,2018-12-01
1.0,-9,5,-6,-4,16,14,-5,6,1,5,-2,0,-10,-5,-2,-6,-1,12,-7,6,17,11,-1,-4,1,1,12,SAS,MEM,2019-01-06
1.0,-6,2,10,10,4,3,-5,5,0,11,1,1,-1,1,6,0,1,-18,-22,-9,17,-31,0,-3,5,0,2,POR,CLE,2019-01-17
1.0,4,13,-3,3,-14,-15,-1,2,1,9,0,1,10,0,2,0,1,24,10,12,17,-14,-1,0,3,2,5,LAL,PHX,2019-01-28
1.0,2,-1,-7,-2,6,10,-1,-2,-3,-8,5,-3,-4,-5,11,5,4,-2,7,-1,-11,12,0,11,-2,-1,11,SAC,MIA,2019-02-09
1.0,-12,5,5,-1,-1,-2,-7,12,5,3,-3,4,1,3,-3,-5,-3,10,-16,5,4,8,-1,-11,-5,-1,4,MIN,SAC,2019-02-26
1.0,-4,-2,-7,1,6,5,5,3,8,-1,1,0,-2,2,5,6,4,4,9,2,3,-8,-1,0,-7,0,-3,PHI,CHA,2018-10-27
1.0,-2,4,-1,2,0,-1,4,5,9,14,-4,3,2,4,-3,-9,-2,8,5,4,16,11,0,2,-8,-1,7,NOP,CHI,2018-11-08
0.0,1,1,6,1,-5,-5,0,1,1,12,-3,-1,-4,2,-10,-11,-5,8,2,4,1,7,1,-2,-1,-1,-5,POR,OKC,2019-01-05
1.0,13,-1,17,-4,7,8,10,-6,4,-1,8,6,2,-8,3,8,1,8,-3,4,-2,-34,0,8,-5,-2,18,GSW,LAC,2018-12-24
1.0,-10,1,-5,-1,10,6,0,5,5,0,-4,-2,-8,4,-8,-5,-3,6,3,3,12,-18,-1,-6,0,-2,5,LAL,CHI,2019-01-16
1.0,-17,-1,1,2,4,5,-15,-2,-17,-3,-2,3,1,0,12,4,4,0,-5,0,-9,-3,0,-7,-2,-2,-2,HOU,ORL,2019-01-28
1.0,-16,-7,-4,4,19,17,-1,3,2,-12,2,2,-7,5,8,5,2,-28,-13,-14,14,-4,0,-5,-1,-1,-14,PHI,DEN,2019-02-09
0.0,-2,-2,0,3,-4,-2,-1,1,0,5,3,-1,6,4,-11,-8,-5,-10,0,-5,9,-17,-1,-4,2,1,-5,CHI,IND,2019-01-05
1.0,-2,5,7,5,-1,1,2,8,10,6,-1,-1,5,5,-2,-4,-3,-8,-10,-4,33,-5,0,5,-3,-2,-12,BOS,CHA,2018-12-23
1.0,-16,-2,-19,-2,20,14,-4,5,1,0,4,-3,-8,-1,4,0,2,0,4,0,12,11,-1,-13,1,0,-1,LAC,OKC,2019-03-09
0.0,11,-7,5,-5,4,6,7,-12,-5,-4,-1,-5,-4,-6,-6,2,-1,-6,6,-3,-23,10,0,4,3,1,7,CLE,POR,2019-02-26
1.0,-2,6,-18,-7,17,11,8,9,17,3,-1,4,-10,-3,-7,-4,-3,18,10,9,18,11,1,1,-3,0,-10,MIA,CLE,2019-03-09
1.0,1,9,-13,-3,-2,2,-8,4,-4,4,6,1,2,-8,15,4,3,20,13,10,21,-2,0,-3,-6,1,8,TOR,PHI,2018-10-30
1.0,-7,6,1,9,-4,0,-4,10,6,7,-2,-3,6,2,6,0,1,-18,-18,-9,19,-2,0,-8,-5,1,1,PHX,DAL,2018-10-18
1.0,0,7,-8,-8,-1,2,-4,7,3,0,-4,1,0,-2,0,0,1,20,0,10,12,-20,0,-6,-9,-1,-3,SAS,DEN,2018-12-27
1.0,9,4,-3,2,13,9,3,-2,1,2,5,3,-7,-9,0,0,0,-10,-6,-5,20,17,0,8,6,1,15,NYK,ATL,2018-10-17
0.0,6,-1,9,4,-15,-10,1,1,2,-2,-5,3,7,3,-3,2,-1,-10,-3,-5,-1,-24,1,11,-2,0,-3,ATL,IND,2018-12-27
0.0,-7,-5,-5,1,-7,-3,-1,-2,-3,-2,-2,-4,7,6,-5,-2,-2,-16,-5,-8,-17,29,0,-5,-1,-1,-14,CLE,MIL,2018-12-15
1.0,-16,3,-21,1,-2,0,-7,4,-3,6,-7,0,-4,7,-3,-7,0,-10,-13,-5,9,-8,0,-3,2,1,-12,SAS,HOU,2018-11-11
1.0,-16,-4,-15,-3,20,17,-8,11,3,-2,2,1,-11,-1,1,-3,0,-12,-7,-6,11,-4,0,-2,6,0,-9,DAL,BKN,2018-11-22
1.0,-3,5,-14,-1,6,4,-4,3,-1,4,-1,-1,-6,-5,9,4,3,-2,-1,-1,9,18,0,2,-5,0,-5,SAS,POR,2018-12-03
0.0,6,-1,-12,-5,9,6,4,-3,1,-6,3,-8,1,-3,8,2,0,-14,-2,-7,-7,-7,-1,6,3,0,8,SAC,MIL,2019-02-28
1.0,-1,18,-9,0,0,2,-5,10,5,4,6,6,2,-6,12,-1,3,12,-7,6,35,17,0,-1,-4,0,12,SAS,LAC,2018-12-14
1.0,-6,-7,-4,2,15,16,3,0,3,2,3,4,-10,-4,6,-6,2,-18,-6,-9,5,2,2,-7,-5,1,-3,MIN,LAL,2018-10-30
1.0,-17,-2,13,8,18,12,-4,3,-1,6,-4,-2,-6,1,4,3,-1,-10,-18,-5,16,3,1,0,-2,0,4,TOR,NYK,2018-11-10
0.0,8,-6,3,-5,15,9,6,-5,1,5,7,-2,-8,-9,8,6,4,8,7,4,-26,-20,1,8,3,0,12,BOS,NYK,2018-11-22
1.0,9,-2,5,3,6,2,8,-4,4,-7,-1,-2,-10,-5,8,6,1,-12,4,-6,0,8,2,9,5,0,12,SAC,IND,2018-12-02
0.0,-8,-1,0,3,-15,-7,-11,1,-10,1,-1,3,4,-1,9,5,4,-18,-15,-9,-2,2,0,-11,-7,1,-11,PHX,CHA,2019-01-07
1.0,-6,3,3,1,2,-1,1,12,13,-4,-6,4,-2,8,-1,2,-2,-14,-15,-7,10,-5,0,-6,5,0,-8,BOS,MEM,2019-01-19
1.0,0,-5,7,1,21,14,2,-9,-7,8,5,-6,-8,-9,2,7,1,-10,-1,-5,-1,11,1,0,1,-1,9,BKN,CHI,2019-01-30
0.0,1,-13,8,-4,12,10,3,-9,-6,-10,0,0,-4,-2,-4,0,-2,0,5,0,-17,-17,0,0,2,0,-3,MIL,ORL,2019-02-10
0.0,-11,-5,-2,-3,8,4,-10,-6,-16,-14,-3,-1,-3,-1,-7,-4,-4,-4,-1,-2,-18,25,-1,-1,2,-2,-8,BKN,WAS,2019-02-28
0.0,12,-1,-7,-4,2,-4,-2,-13,-15,0,5,2,-3,-10,7,5,4,-8,-2,-4,-5,-39,0,3,12,1,14,IND,POR,2018-10-29
1.0,-16,2,-3,-4,1,1,-1,11,10,8,-7,10,0,12,12,6,7,12,-10,6,13,-26,0,3,-2,-2,-24,PHI,CHA,2018-11-10
1.0,4,-6,12,2,21,17,4,-4,0,7,5,4,-8,-10,9,2,2,-10,-8,-5,-15,-9,-1,6,8,-2,11,WAS,LAC,2018-11-21
0.0,5,-1,-28,-9,-7,-6,5,1,6,-9,0,1,-1,3,-4,-1,0,16,25,8,-17,-23,-1,6,-1,1,-9,CHI,BKN,2019-01-06
1.0,5,1,-2,-5,8,4,9,0,9,8,3,-1,-6,-1,7,-2,2,10,13,5,-15,3,0,3,-1,-1,5,WAS,NYK,2019-01-17
1.0,-3,6,6,0,-6,-4,0,4,4,9,1,11,-4,0,-1,1,1,12,-9,6,12,-7,1,-7,-5,1,2,BOS,BKN,2019-01-29
0.0,-2,-2,-9,-5,1,0,0,-1,-1,-4,-2,-4,1,5,-4,-1,-3,14,9,7,-20,16,0,10,2,-1,-10,ATL,CHA,2019-02-10
1.0,0,-1,-8,-4,12,11,2,2,4,-9,5,0,-6,-6,7,4,4,6,13,3,-10,68,0,1,2,0,2,NYK,ORL,2019-02-27
1.0,-5,1,-5,-3,10,7,-1,1,0,4,3,2,-3,-5,3,1,1,10,2,5,15,-28,0,-3,1,0,1,PHI,DAL,2019-01-06
0.0,-3,-11,34,7,12,12,-6,-4,-10,-11,3,5,-1,-5,-3,-3,-3,-30,-32,-15,-1,-32,-1,-9,2,1,4,HOU,BKN,2019-01-17
0.0,8,-5,-3,2,-13,-6,9,-3,6,-5,-5,-5,6,6,-5,-1,-3,-12,2,-6,-13,-2,0,8,-4,0,-8,NYK,MIL,2018-12-25
1.0,20,13,-3,2,-11,-10,3,0,3,1,10,-1,9,-9,2,2,3,10,16,5,9,-16,-3,5,3,1,20,OKC,LAC,2018-10-31
1.0,-1,6,6,6,7,2,3,10,13,11,0,2,-1,3,5,4,2,6,4,3,26,-11,0,9,3,0,1,NOP,SAC,2018-10-20
1.0,4,7,1,3,4,0,7,8,15,13,-4,-1,2,3,12,7,7,18,13,9,21,3,-1,3,-2,0,1,PHI,WAS,2019-01-09
1.0,7,-1,7,6,0,5,6,2,8,-2,-1,4,0,1,-22,-11,-9,-14,-2,-7,3,9,0,11,-1,1,1,POR,LAL,2018-10-19
1.0,-4,6,1,-2,5,6,1,13,14,-1,-4,5,-6,5,9,5,3,24,2,12,6,-8,0,10,-3,0,-5,MIL,NYK,2018-12-28
0.0,2,5,-14,-8,-8,-10,0,-1,-1,-3,3,4,0,2,5,-2,1,24,11,12,-21,18,-1,-1,0,-1,0,MEM,HOU,2018-12-16
0.0,-18,-9,11,1,10,8,-10,-1,-11,11,-2,1,-5,2,7,5,3,0,-12,0,-10,-11,0,-11,-2,-1,5,PHI,CLE,2018-11-24
0.0,5,0,7,-2,-15,-13,5,-1,4,-3,2,7,6,4,-1,2,1,18,9,9,-7,9,0,11,-7,-3,-10,MIA,ORL,2018-12-05
0.0,2,-7,-9,-5,-3,-6,0,-7,-7,-4,2,4,6,-1,0,-3,-1,12,14,6,-31,15,0,-6,-9,-1,0,CHI,MIN,2018-12-27
1.0,-7,5,15,4,-14,-3,-7,12,5,15,-1,2,7,7,1,-1,0,0,-13,0,8,15,0,6,-6,0,-2,DEN,OKC,2018-12-15
0.0,11,1,25,6,-4,-10,3,-8,-5,2,0,-2,3,-2,3,5,1,-8,-3,-4,-6,-11,0,5,3,0,3,BKN,CLE,2018-12-04
0.0,-23,-15,-6,-6,9,8,-11,-8,-19,-5,-3,5,-5,7,-8,-6,-3,-36,-26,-18,-26,-29,-1,-8,2,0,-14,GSW,OKC,2018-11-22
0.0,-7,-9,-13,-6,3,9,-4,-5,-9,-12,-4,2,0,5,8,3,4,-14,-3,-7,-19,-7,-1,-8,-3,-2,-4,SAC,LAL,2018-11-11
0.0,-7,-4,4,0,7,6,2,5,7,-9,1,-3,3,3,-8,-7,-4,6,3,3,10,8,1,1,-1,1,-6,DET,SAC,2019-01-20
0.0,0,-5,6,6,-6,-2,2,3,5,-4,-6,-3,3,5,-7,-8,-3,-20,-5,-10,-7,2,0,5,0,0,-12,NOP,DEN,2019-01-31
1.0,4,4,-10,-11,2,5,0,9,9,-1,6,0,-2,-1,-1,-3,-1,14,1,7,0,-7,1,6,4,0,-9,TOR,BKN,2019-02-12
1.0,-8,1,-9,2,5,3,0,6,6,8,-3,6,0,3,13,1,5,0,-1,0,-2,23,1,-11,-3,0,-4,ORL,GSW,2019-03-01
1.0,-6,3,0,2,5,4,-2,7,5,2,-2,0,0,-1,12,-6,2,-8,-17,-4,17,20,0,2,5,0,4,CHA,MIA,2018-10-30
0.0,5,-1,11,4,-12,-8,-2,-8,-10,11,-3,0,6,4,1,0,0,-6,-2,-3,-5,-7,0,0,0,-1,-4,MIA,WAS,2018-11-11
1.0,-13,0,-1,-3,-1,5,-10,9,-1,-2,0,6,-1,-1,8,5,2,4,-7,2,7,-28,3,-13,-6,0,-15,HOU,DET,2018-11-22
1.0,2,-3,-2,2,9,6,4,-4,0,-1,0,2,-2,0,-4,-1,-1,-4,4,-2,-13,25,-1,-5,-6,-1,6,MIA,UTA,2018-12-02
1.0,-17,-6,18,15,13,9,-10,-2,-12,2,1,0,2,1,-13,-6,-5,-28,-23,-14,13,-20,0,-8,7,0,-3,HOU,DEN,2019-01-08
0.0,2,-4,2,-4,9,9,1,2,3,-3,2,-1,3,-5,2,-1,1,-4,-4,-2,3,-7,1,-4,3,1,4,MIN,SAS,2019-01-19
0.0,-1,1,-13,-8,-12,-10,2,3,5,-7,-8,-2,5,9,2,-1,2,8,9,4,-24,9,0,1,-1,0,-23,LAL,PHI,2019-01-30
1.0,-7,0,4,3,14,10,-4,-1,-5,4,7,7,-10,-5,13,3,3,-6,-12,-3,25,28,-1,-16,0,0,7,SAC,PHX,2019-02-10
1.0,-19,6,-21,-6,10,6,-1,15,14,5,-3,4,-3,5,1,1,1,-2,-10,-1,9,3,0,-1,-9,1,-9,SAS,DET,2019-02-28
1.0,4,12,-10,5,-14,-5,2,16,18,2,-4,-5,5,4,11,4,3,14,15,7,27,-8,0,5,-3,-1,3,ATL,MIA,2019-01-06
1.0,2,7,-2,-2,-11,-10,-6,-1,-7,9,-1,0,6,-2,-17,-5,-3,18,4,9,13,3,-2,-17,-3,0,0,TOR,PHX,2019-01-18
1.0,-3,3,-2,3,1,-6,4,8,12,-1,-5,1,-1,9,-2,-6,0,6,-1,3,20,1,0,12,5,1,-15,CLE,WAS,2019-01-30
0.0,-14,3,-19,-11,3,3,-13,5,-8,5,0,-1,-3,2,1,-4,1,18,2,9,-5,2,0,-9,-1,-1,-4,CHI,DET,2018-10-21
0.0,-2,-7,-8,-5,-2,0,-1,-8,-9,-4,3,-3,4,1,-8,-4,-3,2,4,1,-14,-15,0,-1,0,1,-4,CLE,DEN,2018-11-01
1.0,-14,1,-7,4,13,10,-5,1,-4,3,-2,-1,-5,2,4,-3,1,0,5,0,8,4,0,-15,2,0,-7,LAC,OKC,2018-10-20
0.0,-7,-6,8,9,0,2,-7,-6,-13,3,0,-3,7,-3,11,0,4,-22,-11,-11,-3,-4,-2,-15,2,1,3,CHI,DEN,2018-11-01
0.0,-2,-3,-3,-5,18,8,-1,-10,-11,-4,4,3,-7,-9,-7,-2,-2,-8,-9,-4,-13,-18,0,-4,0,-1,5,MIN,ATL,2018-12-29
0.0,-5,5,-1,1,-14,-13,-5,6,1,-3,-5,1,7,6,4,3,2,16,1,8,-7,-13,-1,-7,0,0,-9,OKC,MIN,2019-01-09
0.0,-5,-3,1,3,-6,-3,-11,-8,-19,4,6,1,1,-8,0,3,-1,0,2,0,-15,-38,1,-9,-4,0,9,NOP,MIA,2018-12-17
1.0,11,12,5,-1,-11,-13,0,2,2,2,0,2,6,-3,11,4,7,20,8,10,14,3,0,0,-1,0,5,MEM,LAC,2018-12-06
1.0,-7,3,-1,-1,9,7,-4,4,0,-5,-1,-3,-8,-2,-4,0,-1,12,5,6,4,5,0,-3,-2,-1,1,TOR,BOS,2018-10-20
0.0,1,7,4,0,-8,-15,3,2,5,16,3,5,1,1,9,10,4,8,-10,4,-2,-4,1,5,2,-1,-7,GSW,POR,2018-12-28
1.0,-6,2,-7,2,1,2,0,10,10,4,-4,3,3,4,4,-7,1,8,1,4,6,-9,0,6,-1,1,8,PHX,MIN,2018-12-16
1.0,-6,7,11,13,9,7,-2,12,10,13,5,0,1,1,11,5,4,0,0,0,35,6,0,6,3,1,5,UTA,SAS,2018-12-05
0.0,7,-2,-6,-3,-11,0,1,2,3,3,-2,-5,2,3,0,-3,-1,-6,3,-3,-20,-26,0,7,-1,0,-4,CHI,MIA,2018-11-24
0.0,-2,-15,18,3,9,11,-1,-10,-11,-8,7,1,0,-3,21,10,9,-30,-14,-15,-15,22,0,-2,0,1,3,TOR,NOP,2018-11-13
1.0,-7,-3,0,3,11,11,-3,3,0,-8,-2,4,-5,1,-5,-4,-3,-14,-3,-7,-5,15,0,-12,2,-3,-7,CHA,MEM,2019-02-02
0.0,-1,-6,-3,-3,-14,-15,-4,-12,-16,-11,-4,0,2,4,-9,-2,-3,0,3,0,-29,11,0,-16,2,0,-11,NOP,ORL,2019-02-13
0.0,7,-10,7,-4,8,10,2,-13,-11,-9,4,-2,3,-5,-5,2,-2,-18,-9,-9,-5,-12,0,2,-2,-1,-9,PHX,NOP,2019-03-02
1.0,-17,6,-5,4,-8,-9,-7,13,6,1,-6,6,8,12,-2,-4,-1,-2,-19,-1,-2,23,0,-5,4,0,0,ORL,UTA,2018-12-15
1.0,8,4,-17,0,9,4,6,2,8,-2,2,1,-11,-6,-9,-3,-3,4,8,2,-5,0,3,9,5,0,9,MIN,HOU,2018-12-04
1.0,-10,-1,-9,-3,19,10,-3,8,5,-4,5,-2,-8,-1,-4,0,0,0,-1,0,8,12,0,3,7,1,7,DET,HOU,2018-11-24
0.0,-10,-13,-14,-12,19,12,3,-1,2,-18,-6,6,0,8,-7,-4,-2,-4,1,-2,-34,10,-2,10,8,0,-12,NYK,ORL,2018-11-12
0.0,4,1,9,0,-11,-10,2,4,6,9,-2,-2,2,5,-15,-8,-5,10,0,5,6,3,-1,-6,-2,0,-2,ATL,BOS,2019-01-20
1.0,-2,-3,8,2,9,8,4,4,8,3,3,0,3,1,-3,-1,-1,2,1,1,-7,-15,0,5,0,-2,-8,DET,DAL,2019-02-01
1.0,18,10,-11,-6,-3,-4,8,-1,7,4,6,-1,-6,-9,-2,-3,0,30,24,15,15,-43,1,4,0,1,21,MIN,LAC,2019-02-12
0.0,15,3,-18,-9,-9,-4,6,5,11,0,0,-1,1,1,5,4,2,20,27,10,-11,-12,0,0,-2,1,-3,DEN,UTA,2019-03-01
1.0,-4,0,1,1,5,2,-3,-1,-4,8,2,1,-8,-3,6,5,3,-8,-20,-4,12,-1,0,-5,5,0,2,BOS,DET,2018-10-30
0.0,-8,-5,1,0,-3,0,3,5,8,-16,-2,5,0,5,-29,-13,-12,-14,-9,-7,1,11,0,-1,-2,0,-8,DAL,LAL,2019-01-08
1.0,19,7,9,3,-1,-1,11,1,12,7,4,-3,-2,-6,6,3,1,-4,5,-2,17,17,0,14,-4,1,9,POR,NOP,2019-01-19
0.0,-6,-13,-12,-9,17,11,-2,-13,-15,-15,6,4,-4,-6,2,3,0,-12,-5,-6,-28,1,0,-2,0,-1,16,NYK,DAL,2019-01-31
1.0,3,-4,18,7,-1,4,7,3,10,-1,-2,-7,-1,8,-7,-4,-3,-6,6,-3,17,-12,0,5,2,0,-3,CLE,NYK,2019-02-12
1.0,-6,-1,-1,-2,7,9,-5,1,-4,-9,5,1,0,-4,6,3,3,-2,-3,-1,-10,12,0,-8,-3,0,8,ORL,PHI,2018-11-15
0.0,-3,-6,0,4,-2,-4,1,-1,0,-4,-7,-3,4,6,8,1,2,-8,3,-4,-10,-27,0,6,3,1,-4,DAL,NYK,2018-11-03
0.0,-2,-1,5,-1,-1,0,1,1,2,-7,0,1,0,3,17,8,7,6,-3,3,-13,16,0,-5,-2,0,0,BOS,ORL,2018-10-22
1.0,7,0,26,15,-17,-11,0,-3,-3,10,-3,5,3,-2,-1,2,1,-40,-28,-20,11,-2,0,-7,2,1,-6,BOS,MIL,2018-11-02
1.0,-16,3,2,2,5,5,-7,13,6,-5,0,-1,-3,6,3,3,1,6,-7,3,18,2,0,-4,-1,0,-5,POR,SAS,2018-10-21
0.0,-4,-4,-10,-9,11,8,1,-1,0,-5,1,-2,-2,-1,-6,-2,-5,16,11,8,10,4,-1,10,3,1,-8,MEM,BOS,2018-12-30
1.0,-4,4,-1,-2,9,10,2,11,13,6,0,4,-9,3,-6,-1,-4,10,-2,5,2,-22,0,3,-6,1,-6,NOP,CLE,2019-01-10
0.0,-3,-5,7,0,8,6,2,2,4,1,0,-3,-9,-1,-3,1,0,-8,-8,-4,-13,18,0,0,0,2,-3,LAC,POR,2018-12-18
1.0,-2,0,-12,-3,5,4,-2,1,-1,-1,7,1,3,-3,3,6,1,-6,3,-3,19,-22,-1,3,-2,0,-3,LAL,DAL,2018-11-01
0.0,5,3,10,3,-6,-11,0,-1,-1,2,0,-1,-1,1,2,-2,1,4,3,2,-15,0,-1,-3,6,0,2,NYK,BOS,2018-10-20
0.0,-5,-12,9,2,3,6,-4,-11,-15,0,0,3,5,1,-4,0,-1,-28,-18,-14,-11,-5,0,-6,3,-1,5,PHX,OKC,2018-12-29
1.0,3,12,-3,2,-8,-7,-3,5,2,8,1,6,4,-1,12,7,5,10,-6,5,22,11,0,-1,2,0,-2,LAC,CHA,2019-01-09
0.0,7,-8,8,0,2,-2,12,-6,6,-12,-3,-5,1,4,0,2,-1,-8,5,-4,-14,0,-1,13,-1,0,-10,NYK,PHX,2018-12-18
0.0,8,-2,9,-1,-1,-2,4,-4,0,-4,3,-4,4,-4,-3,2,0,-2,5,-1,-21,-6,2,1,-1,-4,3,OKC,DEN,2018-11-25
1.0,1,12,-17,3,-1,-1,-6,7,1,10,5,2,-2,-7,15,4,7,12,9,6,22,-3,1,-7,0,1,9,NOP,DAL,2018-12-06
1.0,6,3,-1,-3,-3,-1,4,5,9,-4,-5,0,-4,1,3,7,2,14,10,7,-11,-7,1,14,2,1,2,DEN,SAC,2019-02-14
0.0,0,-6,2,-3,3,7,-2,-1,-3,-3,3,3,-3,-5,6,3,2,-10,-4,-5,10,2,1,-3,-1,0,-6,DEN,NOP,2019-03-03
1.0,-2,16,-8,-3,-2,0,-3,22,19,11,-1,-2,-1,4,0,-1,-1,26,-1,13,21,7,1,11,-5,0,-3,ORL,TOR,2018-12-29
1.0,-2,3,2,2,1,3,-2,3,1,7,2,3,-1,-2,-2,4,-1,12,8,6,7,15,0,11,-4,-2,0,IND,NYK,2018-12-16
1.0,-21,2,-27,-8,9,11,-10,20,10,-2,-2,4,-12,10,15,3,6,10,-2,5,6,-24,0,-14,7,0,-13,MIN,BKN,2018-11-13
1.0,14,12,-4,1,-2,0,8,6,14,9,3,3,1,-2,5,3,2,32,22,16,27,12,0,12,-2,-2,3,DEN,ORL,2018-11-24
0.0,-3,-5,0,0,-1,-4,-4,-2,-6,-7,4,0,3,2,14,6,6,-2,4,-1,-20,1,0,-9,-3,-1,-4,ATL,WAS,2018-12-06
0.0,11,-5,-3,-9,7,3,3,-15,-12,-8,0,2,-8,-4,-10,-3,-4,10,6,5,-21,5,-1,14,6,0,-2,CLE,CHI,2019-01-21
1.0,-11,7,-11,-2,6,4,3,8,11,8,-7,2,-5,4,0,0,0,16,2,8,7,3,-1,11,-11,0,0,UTA,ATL,2019-02-02
0.0,2,-1,-4,1,-14,-8,-6,-3,-9,0,-1,1,9,1,-13,-9,-4,-26,-14,-13,-3,9,0,8,2,0,0,IND,MIL,2019-02-14
0.0,-8,-20,-3,-7,15,11,0,-18,-18,-12,2,-7,-5,3,-10,-5,-3,-12,5,-6,-36,-22,0,-11,0,-3,-3,CLE,DET,2019-03-02
1.0,-3,-2,1,1,11,4,7,-3,4,3,1,5,0,5,-5,0,-1,-2,-1,-1,6,14,-1,4,12,-1,5,LAL,ATL,2018-11-12
1.0,4,-8,31,15,6,5,-1,-16,-17,-4,3,0,0,-3,-7,-6,-5,-34,-19,-17,-15,-34,0,-10,4,-1,5,HOU,LAL,2019-01-20
1.0,11,-2,-1,1,0,6,8,-4,4,-7,1,-4,-2,-5,-22,-11,-9,-16,-5,-8,5,-15,0,3,1,0,5,SAS,BKN,2019-02-01
1.0,-3,-1,2,2,1,4,-4,7,3,4,-2,0,0,5,-9,-11,-3,-6,-3,-3,4,13,0,-5,4,-1,-10,ATL,LAL,2019-02-13
0.0,-8,-6,11,1,1,0,-3,0,-3,3,-4,1,-6,2,1,3,0,-2,-14,-1,-15,1,0,-6,-2,1,-7,BKN,CHA,2019-03-02
0.0,-15,-8,3,3,4,5,2,1,3,-10,-7,3,2,10,2,0,0,-12,-9,-6,-23,17,0,0,-5,0,-9,CLE,IND,2019-01-09
1.0,19,9,2,2,-16,-6,2,-7,-5,7,5,-4,0,-7,0,2,2,0,4,0,14,20,0,2,-7,0,8,SAS,NOP,2018-11-04
1.0,1,12,8,8,-16,-12,-8,3,-5,11,2,0,11,-2,-6,-3,0,6,-1,3,24,0,0,0,-6,0,0,PHX,SAS,2018-11-15
1.0,-7,0,7,-1,8,11,-4,6,2,6,3,6,-7,0,18,7,8,4,-8,2,9,22,0,1,4,0,1,MIN,IND,2018-10-23
1.0,-3,1,-8,-2,9,3,0,-1,-1,4,3,2,-3,-4,-1,2,0,-4,-7,-2,-2,7,-1,15,3,-1,14,ORL,MIA,2018-10-17
1.0,-13,5,-11,0,8,7,4,18,22,6,-5,5,0,11,16,6,5,4,-2,2,13,-5,0,1,1,0,-11,GSW,MIN,2018-11-03
0.0,16,-5,-1,0,-4,-3,10,-11,-1,-6,4,-4,2,-2,-1,2,0,-12,11,-6,-23,6,0,14,5,-1,6,BKN,MIA,2018-11-15
1.0,-13,15,-21,4,-2,0,-2,25,23,10,-13,0,1,10,-1,-2,0,32,20,16,37,-12,1,7,-5,0,0,POR,PHI,2018-12-31
0.0,6,0,8,-1,0,-1,-4,-10,-14,4,6,0,-1,-6,5,1,2,-6,-9,-3,2,9,0,0,1,0,15,PHI,ATL,2019-01-12
1.0,0,-1,19,9,13,8,2,1,3,-4,-1,-2,-6,2,10,5,4,-4,-3,-2,14,11,0,12,7,0,-6,TOR,SAC,2019-01-23
0.0,13,-4,17,-1,2,-2,6,-1,5,-5,0,2,3,1,1,8,1,0,2,0,-14,2,0,22,4,-3,-2,OKC,SAC,2018-10-21
0.0,2,1,-5,0,-12,-10,-2,-1,-3,0,1,-6,7,1,-6,-3,-2,4,8,2,5,2,0,2,2,2,-9,BKN,HOU,2018-11-02
0.0,11,-1,6,-3,-6,-5,6,-2,4,-9,-3,0,-1,1,-20,-11,-6,14,12,7,-14,-4,-1,4,5,0,-5,POR,GSW,2018-12-30
1.0,-10,4,4,2,2,2,-4,10,6,6,1,4,3,4,-1,1,-2,4,-14,2,17,15,0,1,0,0,-6,POR,CHI,2019-01-10
1.0,1,2,-6,1,-4,0,-4,-4,-8,6,-1,0,-1,-3,-8,-3,-4,4,5,2,9,30,0,-4,-5,1,6,BKN,LAL,2018-12-19
0.0,-5,4,8,3,-13,-16,-8,-7,-15,10,1,14,2,0,-11,-7,-2,8,-5,4,4,-9,1,-10,-5,-2,5,MEM,NYK,2018-11-25
0.0,-17,-13,-3,-3,12,10,-3,3,0,-11,-2,-5,-1,7,-7,-7,-4,-30,-19,-15,-23,13,0,-11,-2,2,-19,CLE,SAC,2018-12-08
1.0,-1,-3,6,7,13,13,3,-3,0,5,3,0,-5,-4,14,4,6,-12,-6,-6,10,-10,0,7,2,1,14,WAS,MIN,2019-03-03
0.0,11,6,-18,-7,-11,-9,0,6,6,4,-2,-2,3,2,18,11,7,24,20,12,-12,-4,0,-8,1,1,2,NOP,HOU,2018-12-30
1.0,-4,7,-5,4,1,-2,0,2,2,4,2,3,4,-1,11,2,4,-8,-5,-4,1,24,0,-17,-4,-1,3,BKN,ATL,2019-01-10
1.0,4,5,-1,0,17,15,4,4,8,4,4,-5,-10,-4,18,7,6,4,6,2,24,-2,0,1,1,-1,3,OKC,CHI,2018-12-18
1.0,-9,-1,6,-1,0,4,-1,8,7,0,-1,2,2,6,-15,-17,-6,-8,-23,-4,-5,-36,0,2,-5,1,-9,GSW,SAC,2018-11-25
1.0,-6,6,0,4,13,6,2,13,15,4,-1,4,-2,1,0,-3,-1,4,0,2,29,14,0,-1,4,-1,15,POR,PHX,2018-12-07
1.0,-5,1,7,4,2,8,-6,1,-5,8,-1,5,-1,-5,1,-1,0,-2,-5,-1,8,-4,1,-17,1,0,4,GSW,LAL,2019-02-03
1.0,-2,10,-8,3,5,4,-1,8,7,9,6,5,2,-5,23,5,7,26,12,13,28,17,0,-2,-2,-1,15,LAC,PHX,2019-02-14
0.0,-13,-6,1,3,0,-1,-9,-4,-13,-1,-2,2,-2,1,2,0,0,-20,-11,-10,-14,14,1,-14,1,0,-5,CHA,POR,2019-03-03
1.0,-3,-1,-11,-7,11,14,-5,8,3,-4,4,-3,-2,-2,-11,-4,-5,26,16,13,11,17,0,8,0,2,4,LAC,GSW,2018-11-13
1.0,16,7,-17,-8,1,3,12,6,18,-3,6,-2,5,-3,2,4,1,8,17,4,9,28,0,9,3,1,5,CLE,HOU,2018-11-25
0.0,-5,-7,1,-2,2,-3,0,-1,-1,-6,-3,-5,2,2,10,6,4,4,8,2,-10,-10,0,-1,4,1,-5,ATL,ORL,2019-01-21
1.0,1,1,8,5,4,0,1,-4,-3,5,2,0,1,-4,-10,-6,-3,0,-6,0,0,-8,0,2,1,1,12,CHA,CHI,2019-02-03
1.0,8,7,-2,2,-9,-7,5,4,9,5,2,5,-1,-4,23,6,8,24,20,12,0,5,0,6,-2,1,2,TOR,WAS,2019-02-14
0.0,6,-2,-2,0,-5,1,7,0,7,3,-8,-4,3,8,-1,2,1,-6,7,-3,8,6,0,9,-3,-1,7,PHI,GSW,2019-03-03
1.0,5,-1,-15,-6,8,10,3,4,7,0,-1,-1,-1,0,-12,-10,-5,4,13,2,-5,-5,-2,0,-5,1,-7,MIN,PHX,2019-01-21
